{
  "Реквизиты документа по ГОСТ 2.104": {
    "Наименование изделия": "Устройство переговорное всепогодное цифровое серии R DA M",
    "Наименование документа": "Программа и методика испытаний",
    "Обозначение и код документа": "ГРЛМ.465311.075ПМ",
    "Общее количество листов документа": 24,
    "Наименование или код организации": "ООО «Группа индустриальных технологий»",
    "Сведения о подписании документа": {
      "Разработал": "Молчанов",
      "Дата": "2024-01-09",
      "Информационно-удостоверяющий лист": "ГРЛМ.465311.075ПМ-УЛ"
    },
    "Номер изменения": 0,
    "Номер извещения об изменении": "К.004-2024",
    "Дата извещения об изменении": "2024-01-11",
    "Инвентарный номер подлинника": "К-000341",
    "Дата приемки на хранение": "2024-01-15",
    "Литера": "",
    "Код документа в зависимости от характера использования": 2
  },
  "Сервисные данные": {
    "Версия формата реквизитной части": 1,
    "Алгоритм расчета контрольной суммы": "CRC-32",
    "Значение контрольной суммы подлинника": "6BF07A70",
    "Значение контрольной суммы содержательных частей": "8CD02BE5",
    "Программное обеспечение для редактирования исходных данных": "Microsoft Word 2016 (16.0.5413.1000) MSO (16.0.5413.1000), 64-разрядная версия",
    "Объем в листах А4": 24,
    "Документ действителен": true,
    "Теги": ""
  }
}