{
  "Реквизиты документа по ГОСТ 2.104": {
    "Наименование изделия": "Узел печатный сигнализации",
    "Наименование документа": "Программа и методика испытнаий",
    "Обозначение и код документа": "ГРЛМ.468232.002ПМ",
    "Общее количество листов документа": 16,
    "Наименование или код организации": "ООО «Группа индустриальных технологий»",
    "Сведения о подписании документа": {
      "Разработал": "Молчанов",
      "Дата": "2023-11-08",
      "Информационно-удостоверяющий лист": "ГРЛМ.468232.002ПМ-УЛ"
    },
    "Номер изменения": 0,
    "Номер извещения об изменении": "К.015-2023",
    "Дата извещения об изменении": "2023-11-17",
    "Инвентарный номер подлинника": "К-000225",
    "Дата приемки на хранение": "2023-11-21",
    "Литера": "",
    "Код документа в зависимости от характера использования": 2
  },
  "Сервисные данные": {
    "Версия формата реквизитной части": 1,
    "Алгоритм расчета контрольной суммы": "CRC-32",
    "Значение контрольной суммы подлинника": "01E98779",
    "Значение контрольной суммы содержательных частей": "41FB9AF6",
    "Программное обеспечение для редактирования исходных данных": "Microsoft Word",
    "Объем в листах А4": 16,
    "Документ действителен": true,
    "Теги": "A2023Q4"
  }
}
