{
  "Реквизиты документа по ГОСТ 2.104": {
    "Наименование изделия": "Расцепитель тепловой в сборе",
    "Наименование документа": "Спецификация",
    "Обозначение и код документа": "ГРЛМ.468242.001",
    "Общее количество листов документа": 1,
    "Наименование или код организации": "ООО «Группа индустриальных технологий»",
    "Сведения о подписании документа": {
      "Разработал": "Василенков",
      "Дата": "2023-10-31",
      "Информационно-удостоверяющий лист": "ГРЛМ.468242.001УЛ"
    },
    "Номер изменения": 0,
    "Номер извещения об изменении": "К.008-2023",
    "Дата извещения об изменении": "2023-11-14",
    "Инвентарный номер подлинника": "К-000101",
    "Дата приемки на хранение": "2023-11-16",
    "Литера": "",
    "Код документа в зависимости от характера использования": 2
  },
  "Сервисные данные": {
    "Версия формата реквизитной части": 1,
    "Алгоритм расчета контрольной суммы": "CRC-32",
    "Значение контрольной суммы подлинника": "2543E51F",
    "Значение контрольной суммы содержательных частей": "126CB784",
    "Программное обеспечение для редактирования исходных данных": "Solidworks Professional 2018 x64 Edition SP3.0",
    "Объем в листах А4": 1,
    "Документ действителен": true,
    "Теги": ""
  }
}