{
  "Реквизиты документа по ГОСТ 2.104": {
    "Наименование изделия": "Узел печатный R 1 DXC 03 M",
    "Наименование документа": "Сборочный чертеж",
    "Обозначение и код документа": "ГРЛМ.467414.007СБ",
    "Общее количество листов документа": 1,
    "Наименование или код организации": "ООО «Группа индустриальных технологий»",
    "Сведения о подписании документа": {
      "Разработал": "Потапов",
      "Дата": "2023-08-08",
      "Информационно-удостоверяющий лист": "ГРЛМ.467414.007СБ-УЛ"
    },
    "Номер изменения": 0,
    "Номер извещения об изменении": "К.009-2023",
    "Дата извещения об изменении": "2023-11-14",
    "Инвентарный номер подлинника": "К-000121",
    "Дата приемки на хранение": "2023-11-16",
    "Литера": "",
    "Код документа в зависимости от характера использования": 2
  },
  "Сервисные данные": {
    "Версия формата реквизитной части": 1,
    "Алгоритм расчета контрольной суммы": "CRC-32",
    "Значение контрольной суммы подлинника": "412FC66E",
    "Значение контрольной суммы содержательных частей": "388CEA63",
    "Программное обеспечение для редактирования исходных данных": "Altium Designer Version 19.0.15 (BUILD 446)",
    "Объем в листах А4": 8,
    "Документ действителен": true,
    "Теги": "A2023Q4"
  }
}