{
  "name": "EthernetWebServer_SSL_STM32",
  "version": "1.6.0",
  "keywords": "WebServer, built-in Ethernet, Arduino, STM32F, STM32L, STM32H, STM32G, STM32WB, STM32MP1, Ethernet shield, Nucleo-144, Nucleo-64, Nucleo-32, LAN8742A, LAN8720, ENC28J60, W5x00, W5500, W5100, SSL, TLS, HTTP-Client, WebSocket-Client, server, client, websocket",
  "description": "Simple TLS/SSL Ethernet WebServer, HTTP Client and WebSocket Client library for STM32F/L/H/G/WB/MP1 boards running built-in Ethernet LAN8742A, LAN8720 or Ethernet W5x00, ENC28J60 shields. The WebServer supports HTTP/HTTPS GET and POST requests, provides argument parsing, handles one client at a time. It now provides HTTP(S) Client and Secured WebSockets Client. It supports Arduino STM32F/L/H/G/WB/MP1 series with 32+ Kbytes of Flash, using built-in LAN8742A Ethernet (Nucleo-144: F429ZI, F767ZI, Discovery: STM32F746G-DISCOVERY), or LAN8720, ENC28J60, W5x00 Ethernet shields. Ethernet_Generic library is used as default for W5x00. Now W5x00 can use any custom hardware / software SPI",
  "authors":
  {
    "name":  "Khoi Hoang",
    "url":   "https://github.com/khoih-prog",
    "maintainer": true
  },  
  "repository":
  {
    "type": "git",
    "url": "https://github.com/khoih-prog/EthernetWebServer_SSL_STM32"
  },
  "homepage": "https://github.com/khoih-prog/EthernetWebServer_SSL_STM32",
  "export": {
    "exclude": [
      "linux",
      "extras",
      "tests"
    ]
  },
  "dependencies": 
  [
    {
      "owner": "stm32duino",
      "name": "STM32duino LwIP",
      "version": "^2.1.2",
      "platforms": "ststm32"
    },
    {
      "owner": "stm32duino",
      "name": "STM32Ethernet",
      "version": "^1.3.0",
      "platforms": "ststm32"
    },
    {
      "owner": "khoih-prog",
      "name": "Functional-Vlpp",
      "version": "^1.0.2"
    },
    {
      "owner": "khoih-prog",
      "name": "Ethernet_Generic",
      "version": "^2.7.1"
    }
  ],
  "license": "GPL-3.0",
  "frameworks": "arduino",
  "platforms": "ststm32",
  "examples": "examples/*/*/*.ino",
  "headers": ["EthernetWebServer_SSL_STM32.h", "EthernetWebServer_SSL_STM32.hpp", "EthernetHttpClient_SSL_STM32.h"]
}
