{
  "Реквизиты документа по ГОСТ 2.104": {
    "Наименование изделия": "Ручка",
    "Наименование документа": "Чертёж детали",
    "Обозначение и код документа": "ГРЛМ.753764.002",
    "Общее количество листов документа": 1,
    "Наименование или код организации": "ООО «Группа индустриальных технологий»",
    "Сведения о подписании документа": {
      "Разработал": "Василенков",
      "Дата": "2023-10-10",
      "Информационно-удостоверяющий лист": "ГРЛМ.753764.002УЛ"
    },
    "Номер изменения": 0,
    "Номер извещения об изменении": "К.005-2023",
    "Дата извещения об изменении": "2023-10-18",
    "Инвентарный номер подлинника": "К-000065",
    "Дата приемки на хранение": "2023-10-18",
    "Литера": "",
    "Код документа в зависимости от характера использования": 2
  },
  "Сервисные данные": {
    "Версия формата реквизитной части": 1,
    "Алгоритм расчета контрольной суммы": "CRC-32",
    "Значение контрольной суммы подлинника": "6A6D5172",
    "Значение контрольной суммы содержательных частей": "4E5A4A9E",
    "Программное обеспечение для редактирования исходных данных": "Solidworks Professional 2018 x64 Edition SP3.0",
    "Объем в листах А4": 2,
    "Документ действителен": true,
    "Теги": ""
  }
}