{
  "Реквизиты документа по ГОСТ 2.104": {
    "Наименование изделия": "Устройство переговорное всепогодное цифровое серии R DA M",
    "Наименование документа": "Руководство по программированию",
    "Обозначение и код документа": "ГРЛМ.465311.075И2",
    "Общее количество листов документа": 15,
    "Наименование или код организации": "ООО «Группа индустриальных технологий»",
    "Сведения о подписании документа": {
      "Разработал": "Молчанов",
      "Дата": "2024-01-09",
      "Информационно-удостоверяющий лист": "ГРЛМ.465311.075И2-УЛ"
    },
    "Номер изменения": 0,
    "Номер извещения об изменении": "К.004-2024",
    "Дата извещения об изменении": "2024-01-11",
    "Инвентарный номер подлинника": "К-000395",
    "Дата приемки на хранение": "2024-01-15",
    "Литера": "",
    "Код документа в зависимости от характера использования": 2
  },
  "Сервисные данные": {
    "Версия формата реквизитной части": 1,
    "Алгоритм расчета контрольной суммы": "CRC-32",
    "Значение контрольной суммы подлинника": "4F26911A",
    "Значение контрольной суммы содержательных частей": "574B5A3F",
    "Программное обеспечение для редактирования исходных данных": "Microsoft Word 2016 (16.0.5413.1000) MSO (16.0.5413.1000), 64-разрядная версия",
    "Объем в листах А4": 15,
    "Документ действителен": true,
    "Теги": ""
  }
}