{
  "Реквизиты документа по ГОСТ 2.104": {
    "Наименование изделия": "Уплотнение",
    "Наименование документа": "Чертёж детали",
    "Обозначение и код документа": "ГРЛМ.754114.001",
    "Общее количество листов документа": 1,
    "Наименование или код организации": "ООО «Группа индустриальных технологий»",
    "Сведения о подписании документа": {
      "Разработал": "Василенков",
      "Дата": "2024-01-18",
      "Информационно-удостоверяющий лист": "ГРЛМ.754114.001УЛ"
    },
    "Номер изменения": 0,
    "Номер извещения об изменении": "К.006-2024",
    "Дата извещения об изменении": "2024-02-12",
    "Инвентарный номер подлинника": "К-000405",
    "Дата приемки на хранение": "2024-02-12",
    "Литера": "",
    "Код документа в зависимости от характера использования": 2
  },
  "Сервисные данные": {
    "Версия формата реквизитной части": 1,
    "Алгоритм расчета контрольной суммы": "CRC-32",
    "Значение контрольной суммы подлинника": "DDC79ED9",
    "Значение контрольной суммы содержательных частей": "01F1A556",
    "Программное обеспечение для редактирования исходных данных": "Solidworks Professional 2018 x64 Edition SP3.0",
    "Объем в листах А4": 1,
    "Документ действителен": true,
    "Теги": ""
  }
}