{
  "Реквизиты документа по ГОСТ 2.104": {
    "Наименование изделия": "Плата печатная И2",
    "Наименование документа": "Данные автоматизированного проектирования печатной платы",
    "Обозначение и код документа": "GRLM.758713.001T5M",
    "Общее количество листов документа": 0,
    "Наименование или код организации": "ООО «Группа индустриальных технологий»",
    "Сведения о подписании документа": {
      "Разработал": "Потапов",
      "Дата": "2021-09-13",
      "Информационно-удостоверяющий лист": "ГРЛМ.758713.001T5M-УЛ"
    },
    "Номер изменения": 0,
    "Номер извещения об изменении": "К.011-2023",
    "Дата извещения об изменении": "2023-11-15",
    "Инвентарный номер подлинника": "К-000171",
    "Дата приемки на хранение": "2023-11-17",
    "Литера": "",
    "Код документа в зависимости от характера использования": 2
  },
  "Сервисные данные": {
    "Версия формата реквизитной части": 1,
    "Алгоритм расчета контрольной суммы": "CRC-32",
    "Значение контрольной суммы подлинника": "C05FBC60",
    "Значение контрольной суммы содержательных частей": "52A66A53",
    "Программное обеспечение для редактирования исходных данных": "Altium Designer Version 19.0.15 (BUILD 446)",
    "Объем в листах А4": 0,
    "Документ действителен": true,
    "Теги": "A2023Q4"
  }
}