{
  "Реквизиты документа по ГОСТ 2.104": {
    "Наименование изделия": "Узел печатный И2",
    "Наименование документа": "Руководство по эксплуатации",
    "Обозначение и код документа": "ГРЛМ.469235.001РЭ",
    "Общее количество листов документа": 10,
    "Наименование или код организации": "ООО «Группа индустриальных технологий»",
    "Сведения о подписании документа": {
      "Разработал": "Молчанов",
      "Дата": "2023-11-08",
      "Информационно-удостоверяющий лист": "ГРЛМ.469235.001РЭ-УЛ"
    },
    "Номер изменения": 0,
    "Номер извещения об изменении": "К.018-2023",
    "Дата извещения об изменении": "2023-11-17",
    "Инвентарный номер подлинника": "К-000283",
    "Дата приемки на хранение": "2023-11-21",
    "Литера": "",
    "Код документа в зависимости от характера использования": 2
  },
  "Сервисные данные": {
    "Версия формата реквизитной части": 1,
    "Алгоритм расчета контрольной суммы": "CRC-32",
    "Значение контрольной суммы подлинника": "8869FA97",
    "Значение контрольной суммы содержательных частей": "4D898B01",
    "Программное обеспечение для редактирования исходных данных": "Microsoft Word 2016 (16.0.5413.1000) MSO (16.0.5413.1000), 64-разрядная версия",
    "Объем в листах А4": 10,
    "Документ действителен": true,
    "Теги": "A2023Q4"
  }
}