{
  "Реквизиты документа по ГОСТ 2.104": {
    "Наименование изделия": "Плата печатная R 1 PRM 02 M",
    "Наименование документа": "Деталь",
    "Обозначение и код документа": "ГРЛМ.758726.005",
    "Общее количество листов документа": 1,
    "Наименование или код организации": "ООО «Группа индустриальных технологий»",
    "Сведения о подписании документа": {
      "Разработал": "Потапов",
      "Дата": "2024-02-07",
      "Информационно-удостоверяющий лист": "ГРЛМ.758726.005УЛ"
    },
    "Номер изменения": 0,
    "Номер извещения об изменении": "К.007-2024",
    "Дата извещения об изменении": "2024-02-19",
    "Инвентарный номер подлинника": "К-000419",
    "Дата приемки на хранение": "2024-02-21",
    "Литера": "",
    "Код документа в зависимости от характера использования": 2
  },
  "Сервисные данные": {
    "Версия формата реквизитной части": 1,
    "Алгоритм расчета контрольной суммы": "CRC-32",
    "Значение контрольной суммы подлинника": "F96C59FE",
    "Значение контрольной суммы содержательных частей": "08413C40",
    "Программное обеспечение для редактирования исходных данных": "Altium Designer Version 19.0.15 (Build 446)",
    "Объем в листах А4": 2,
    "Документ действителен": true,
    "Теги": ""
  }
}