{
  "Реквизиты документа по ГОСТ 2.104": {
    "Наименование изделия": "Устройство переговорное взрывозащищенное R DX M",
    "Наименование документа": "Перечень элементов",
    "Обозначение и код документа": "ГРЛМ.465311.076ПЭ4",
    "Общее количество листов документа": 3,
    "Наименование или код организации": "ООО «Группа индустриальных технологий»",
    "Сведения о подписании документа": {
      "Разработал": "Давыдов",
      "Дата": "2023-10-18",
      "Информационно-удостоверяющий лист": "ГРЛМ.465311.076ПЭ4-УЛ"
    },
    "Номер изменения": 0,
    "Номер извещения об изменении": "К.006-2023",
    "Дата извещения об изменении": "2023-11-02",
    "Инвентарный номер подлинника": "К-000075",
    "Дата приемки на хранение": "2023-11-07",
    "Литера": "",
    "Код документа в зависимости от характера использования": 2
  },
  "Сервисные данные": {
    "Версия формата реквизитной части": 1,
    "Алгоритм расчета контрольной суммы": "CRC-32",
    "Значение контрольной суммы подлинника": "15D83DB2",
    "Значение контрольной суммы содержательных частей": "E70859BB",
    "Программное обеспечение для редактирования исходных данных": "LibreOffice Community 7.5.3.2 (X86_64)",
    "Объем в листах А4": 3,
    "Документ действителен": true,
    "Теги": ""
  }
}