{
  "Реквизиты документа по ГОСТ 2.104": {
    "Наименование изделия": "Узел печатный R 6 LME 02 M",
    "Наименование документа": "Схема электрическая функциональная",
    "Обозначение и код документа": "ГРЛМ.468223.002Э2",
    "Общее количество листов документа": 1,
    "Наименование или код организации": "ООО «Группа индустриальных технологий»",
    "Сведения о подписании документа": {
      "Разработал": "Потапов",
      "Дата": "2023-08-10",
      "Информационно-удостоверяющий лист": "ГРЛМ.468223.002Э2-УЛ"
    },
    "Номер изменения": 0,
    "Номер извещения об изменении": "К.016-2023",
    "Дата извещения об изменении": "2023-11-15",
    "Инвентарный номер подлинника": "К-000253",
    "Дата приемки на хранение": "2023-11-17",
    "Литера": "",
    "Код документа в зависимости от характера использования": 2
  },
  "Сервисные данные": {
    "Версия формата реквизитной части": 1,
    "Алгоритм расчета контрольной суммы": "CRC-32",
    "Значение контрольной суммы подлинника": "69DBC030",
    "Значение контрольной суммы содержательных частей": "317634E5",
    "Программное обеспечение для редактирования исходных данных": "Altium Designer Version 19.0.15 (BUILD 446)",
    "Объем в листах А4": 2,
    "Документ действителен": true,
    "Теги": "A2023Q4"
  }
}