Id,Time[ns],0:SPI: MISO data,0:SPI: MOSI data
1,100001600.00,00,1E
2,100026850.00,00,80
3,100182100.00,00,1E
4,100207350.00,00,00
5,100550600.00,00,1E
6,100575850.00,00,40
7,100621100.00,00,1F
8,100647100.00,40,00
9,101304600.00,00,2A
10,101329850.00,00,07
11,101359100.00,00,28
12,101384350.00,00,14
13,101413600.00,00,06
14,101438850.00,00,40
15,101468100.00,00,0A
16,101493350.00,00,8B
17,101522600.00,00,0C
18,101547850.00,00,43
19,101593100.00,00,0F
20,101619100.00,00,00
21,101648600.00,00,3C
22,101673850.00,00,00
23,101718850.00,00,3A
24,101744100.00,00,34
25,101777600.00,00,3C
26,101802850.00,00,00
27,101832350.00,00,40
28,101857600.00,00,35
29,101888100.00,00,3C
30,101913350.00,00,21
31,101969850.00,00,3C
32,101995100.00,00,00
33,102024600.00,00,40
34,102049850.00,00,30
35,102080350.00,00,3C
36,102105600.00,00,21
37,102155850.00,00,3C
38,102181100.00,00,21
39,102210350.00,00,1E
40,102250350.00,00,6E
41,102279600.00,00,1C
42,102304850.00,00,CC
43,102404600.00,00,1D
44,102430600.00,CC,00
45,102462100.00,00,1C
46,102487350.00,00,CC
47,103263100.00,00,29
48,103289100.00,EE,00
49,141116100.00,00,29
50,141142100.00,EE,00
51,191145850.00,00,29
52,191171850.00,EE,00
53,241132850.00,00,29
54,241158850.00,EE,00
55,291162600.00,00,29
56,291188600.00,EE,00
57,341213100.00,00,29
58,341239100.00,EE,00
59,391203100.00,00,29
60,391229100.00,EE,00
61,441210850.00,00,29
62,441236850.00,EE,00
63,491241300.00,00,29
64,491267350.00,EE,00
65,541228300.00,00,29
66,541254300.00,DC,00
67,591383050.00,00,29
68,591409050.00,DC,00
69,616351300.00,00,29
70,616377300.00,DC,00
71,625949050.00,00,29
72,625975050.00,DC,00
73,635532300.00,00,29
74,635558300.00,DC,00
75,645037550.00,00,29
76,645063550.00,DC,00
77,654507050.00,00,29
78,654533050.00,DC,00
79,664059800.00,00,29
80,664085800.00,DC,00
81,673587800.00,00,29
82,673613800.00,FE,00
83,683129550.00,00,29
84,683155550.00,FE,00
85,692726300.00,00,29
86,692752300.00,EE,00
87,702254300.00,00,29
88,702280300.00,EE,00
89,711782300.00,00,29
90,711808300.00,EE,00
91,721310300.00,00,29
92,721336300.00,EE,00
93,730838300.00,00,29
94,730864300.00,EE,00
95,740380050.00,00,29
96,740406050.00,EE,00
97,749908300.00,00,29
98,749934300.00,EE,00
99,759436300.00,00,29
100,759462300.00,EE,00
101,768964300.00,00,29
102,768990300.00,EE,00
103,778492300.00,00,29
104,778518300.00,EE,00
105,788034050.00,00,29
106,788060050.00,EE,00
107,797562300.00,00,29
108,797588300.00,EE,00
109,807090300.00,00,29
110,807116300.00,EE,00
111,816618300.00,00,29
112,816644300.00,EE,00
113,826146300.00,00,29
114,826172300.00,EE,00
115,835674300.00,00,29
116,835700300.00,EE,00
117,845215800.00,00,29
118,845241800.00,EE,00
119,854743800.00,00,29
120,854769800.00,EE,00
121,864271800.00,00,29
122,864297800.00,EE,00
123,873799800.00,00,29
124,873825800.00,EE,00
125,883327800.00,00,29
126,883353800.00,EE,00
127,892869300.00,00,29
128,892895300.00,EE,00
129,902397300.00,00,29
130,902423300.00,EE,00
131,911925300.00,00,29
132,911951300.00,EE,00
133,921453300.00,00,29
134,921479300.00,EE,00
135,930981300.00,00,29
136,931007300.00,EE,00
137,940509300.00,00,29
138,940535300.00,EE,00
139,950050800.00,00,29
140,950076800.00,EE,00
141,959578800.00,00,29
142,959604800.00,EE,00
143,969106800.00,00,29
144,969132800.00,EE,00
145,978634800.00,00,29
146,978660800.00,EE,00
147,988162800.00,00,29
148,988188800.00,EE,00
149,997704300.00,00,29
150,997730300.00,EE,00
151,1007232300.00,00,29
152,1007258300.00,EE,00
153,1016760300.00,00,29
154,1016786300.00,EE,00
155,1026288300.00,00,29
156,1026314300.00,EE,00
157,1035816300.00,00,29
158,1035842300.00,EE,00
159,1045344050.00,00,29
160,1045370050.00,EE,00
161,1054885800.00,00,29
162,1054911800.00,EE,00
163,1064413800.00,00,29
164,1064439800.00,EE,00
165,1073941800.00,00,29
166,1073967800.00,EE,00
167,1083469800.00,00,29
168,1083495800.00,EE,00
169,1093030800.00,00,29
170,1093056800.00,EE,00
171,1102560050.00,00,29
172,1102586050.00,EE,00
173,1112143300.00,00,29
174,1112169300.00,EE,00
175,1121716800.00,00,29
176,1121742800.00,EE,00
177,1131269550.00,00,29
178,1131295550.00,EE,00
179,1140822300.00,00,29
180,1140848300.00,EE,00
181,1150375300.00,00,29
182,1150401300.00,EE,00
183,1159944550.00,00,29
184,1159970550.00,EE,00
185,1169483550.00,00,29
186,1169509550.00,EE,00
187,1179011550.00,00,29
188,1179037550.00,EE,00
189,1188539550.00,00,29
190,1188565550.00,EE,00
191,1198067800.00,00,29
192,1198093800.00,EE,00
193,1207609550.00,00,29
194,1207635550.00,EE,00
195,1217137550.00,00,29
196,1217163550.00,EE,00
197,1226665550.00,00,29
198,1226691550.00,EE,00
199,1236193550.00,00,29
200,1236219550.00,EE,00
201,1245721800.00,00,29
202,1245747800.00,EE,00
203,1255249800.00,00,29
204,1255275800.00,EE,00
205,1264791550.00,00,29
206,1264817550.00,EE,00
207,1274319500.00,00,29
208,1274345500.00,EE,00
209,1283847500.00,00,29
210,1283873500.00,EC,00
211,1293375250.00,00,29
212,1293401250.00,DC,00
213,1302903250.00,00,29
214,1302929250.00,DC,00
215,1312445000.00,00,29
216,1312471000.00,DC,00
217,1321973000.00,00,29
218,1321999000.00,DC,00
219,1331501000.00,00,29
220,1331527000.00,DC,00
221,1341029000.00,00,29
222,1341055000.00,DC,00
223,1341649250.00,00,09
224,1341675250.00,F0,00
225,1342019250.00,00,04
226,1342044500.00,00,59
227,1342079750.00,00,04
228,1342105000.00,00,3F
229,1342140250.00,00,04
230,1342165500.00,00,3F
231,1342200750.00,00,04
232,1342226000.00,00,23
233,1342260000.00,00,06
234,1342285250.00,00,50
235,1342316000.00,00,04
236,1342341250.00,00,23
237,1342370500.00,00,06
238,1342395750.00,00,60
239,1350968250.00,00,29
240,1350994250.00,DC,00
241,1360496250.00,00,29
242,1360522250.00,DC,00
243,1370038000.00,00,29
244,1370064000.00,DC,00
245,1377793750.00,00,0F
246,1377819750.00,84,00
247,1377868000.00,00,09
248,1377894000.00,36,00
249,1377949250.00,00,05
250,1377975250.00,92,00
251,1378030500.00,00,09
252,1378056500.00,16,00
253,1378109250.00,00,05
254,1378135250.00,66,00
255,1378190500.00,00,09
256,1378216500.00,12,00
257,1378269250.00,00,05
258,1378295250.00,7E,00
259,1378350500.00,00,09
260,1378376500.00,12,00
261,1378429250.00,00,05
262,1378455250.00,66,00
263,1378510500.00,00,09
264,1378536500.00,12,00
265,1378589250.00,00,05
266,1378615250.00,60,00
267,1378670500.00,00,09
268,1378696500.00,52,00
269,1378749500.00,00,05
270,1378775500.00,64,00
271,1378838250.00,00,09
272,1378864250.00,50,00
273,1378900250.00,00,06
274,1378925500.00,00,60
275,1379129750.00,00,2A
276,1379155000.00,00,0B
277,1379339000.00,00,09
278,1379365000.00,50,00
279,1379707000.00,00,04
280,1379732250.00,00,52
281,1379767500.00,00,04
282,1379792750.00,00,33
283,1379828000.00,00,04
284,1379853250.00,00,30
285,1379888500.00,00,04
286,1379913750.00,00,33
287,1379947750.00,00,06
288,1379973000.00,00,50
289,1380003750.00,00,04
290,1380029000.00,00,3F
291,1380058250.00,00,06
292,1380083500.00,00,60
293,1381157000.00,00,29
294,1381183000.00,DC,00
295,1390685000.00,00,29
296,1390711000.00,DC,00
297,1400220750.00,00,29
298,1400246750.00,DC,00
299,1409748750.00,00,29
300,1409774750.00,DC,00
301,1411922250.00,00,0F
302,1411948250.00,84,00
303,1411996500.00,00,09
304,1412022500.00,36,00
305,1412077750.00,00,05
306,1412103750.00,84,00
307,1412162000.00,00,09
308,1412188000.00,16,00
309,1412240750.00,00,05
310,1412266750.00,66,00
311,1412325000.00,00,09
312,1412351000.00,16,00
313,1412403750.00,00,05
314,1412429750.00,7E,00
315,1412488000.00,00,09
316,1412514000.00,16,00
317,1412566750.00,00,05
318,1412592750.00,66,00
319,1412651000.00,00,09
320,1412677000.00,16,00
321,1412729750.00,00,05
322,1412755750.00,60,00
323,1412814000.00,00,09
324,1412840000.00,16,00
325,1412892750.00,00,05
326,1412918750.00,AE,00
327,1412977000.00,00,09
328,1413003000.00,16,00
329,1413055750.00,00,05
330,1413081750.00,EE,00
331,1413140000.00,00,09
332,1413166000.00,16,00
333,1413218750.00,00,05
334,1413244750.00,8E,00
335,1413303000.00,00,09
336,1413329000.00,16,00
337,1413381750.00,00,05
338,1413407750.00,CE,00
339,1413466000.00,00,09
340,1413492000.00,16,00
341,1413544750.00,00,05
342,1413570750.00,B0,00
343,1413629000.00,00,09
344,1413655000.00,16,00
345,1413707750.00,00,05
346,1413733750.00,F0,00
347,1413792000.00,00,09
348,1413818000.00,12,00
349,1413870750.00,00,05
350,1413896750.00,98,00
351,1413955000.00,00,09
352,1413981000.00,12,00
353,1414033750.00,00,05
354,1414059750.00,D8,00
355,1414118000.00,00,09
356,1414144000.00,12,00
357,1414196750.00,00,05
358,1414222750.00,B2,00
359,1414281000.00,00,09
360,1414307000.00,52,00
361,1414360000.00,00,05
362,1414386000.00,D2,00
363,1414451750.00,00,09
364,1414477750.00,50,00
365,1414513750.00,00,06
366,1414539000.00,00,60
367,1419405500.00,00,0F
368,1419431500.00,84,00
369,1419479750.00,00,09
370,1419505750.00,36,00
371,1419561000.00,00,05
372,1419587000.00,A2,00
373,1419648000.00,00,09
374,1419674000.00,12,00
375,1419726750.00,00,05
376,1419752750.00,66,00
377,1419813750.00,00,09
378,1419839750.00,12,00
379,1419892500.00,00,05
380,1419918500.00,7E,00
381,1419979500.00,00,09
382,1420005500.00,12,00
383,1420058250.00,00,05
384,1420084250.00,66,00
385,1420145250.00,00,09
386,1420171250.00,52,00
387,1420224250.00,00,05
388,1420250250.00,60,00
389,1420318750.00,00,09
390,1420344750.00,50,00
391,1420380750.00,00,06
392,1420406000.00,00,60
393,1445822250.00,00,29
394,1445848250.00,DC,00
395,1455335000.00,00,29
396,1455361000.00,FE,00
397,1464849750.00,00,29
398,1464875750.00,FE,00
399,1474423250.00,00,29
400,1474449250.00,FE,00
401,1483976000.00,00,29
402,1484002000.00,EE,00
403,1493545500.00,00,29
404,1493571500.00,EE,00
405,1503073500.00,00,29
406,1503099500.00,EE,00
407,1512601500.00,00,29
408,1512627500.00,EE,00
409,1522129500.00,00,29
410,1522155500.00,EE,00
411,1531657500.00,00,29
412,1531683500.00,EE,00
413,1541185500.00,00,29
414,1541211500.00,EE,00
415,1550727500.00,00,29
416,1550753500.00,EE,00
417,1560255500.00,00,29
418,1560281500.00,EE,00
419,1569783500.00,00,29
420,1569809500.00,EE,00
421,1579311500.00,00,29
422,1579337500.00,EE,00
423,1588839500.00,00,29
424,1588865500.00,EE,00
425,1598381500.00,00,29
426,1598407500.00,EE,00
427,1607909500.00,00,29
428,1607935500.00,EE,00
429,1617437500.00,00,29
430,1617463500.00,EE,00
431,1626965500.00,00,29
432,1626991500.00,EE,00
433,1636493500.00,00,29
434,1636519500.00,EE,00
435,1646020750.00,00,29
436,1646046750.00,EE,00
437,1655562500.00,00,29
438,1655588500.00,EE,00
439,1665090500.00,00,29
440,1665116500.00,EE,00
441,1674618500.00,00,29
442,1674644500.00,EE,00
443,1684146500.00,00,29
444,1684172500.00,EE,00
445,1693673750.00,00,29
446,1693699750.00,EE,00
447,1703215500.00,00,29
448,1703241500.00,EE,00
449,1712743500.00,00,29
450,1712769500.00,EE,00
451,1722271500.00,00,29
452,1722297500.00,EE,00
453,1731799500.00,00,29
454,1731825500.00,EE,00
455,1741327500.00,00,29
456,1741353500.00,EE,00
457,1750854750.00,00,29
458,1750880750.00,EE,00
459,1760396500.00,00,29
460,1760422500.00,EE,00
461,1769924500.00,00,29
462,1769950500.00,EE,00
463,1779452500.00,00,29
464,1779478500.00,EE,00
465,1788980500.00,00,29
466,1789006500.00,EE,00
467,1798507750.00,00,29
468,1798533750.00,EE,00
469,1808049500.00,00,29
470,1808075500.00,EE,00
471,1817577500.00,00,29
472,1817603500.00,EE,00
473,1827105500.00,00,29
474,1827131500.00,EE,00
475,1836633500.00,00,29
476,1836659500.00,EE,00
477,1846160250.00,00,29
478,1846186250.00,EE,00
479,1855688250.00,00,29
480,1855714250.00,EE,00
481,1865230000.00,00,29
482,1865256000.00,EE,00
483,1874758000.00,00,29
484,1874784000.00,EE,00
485,1884286000.00,00,29
486,1884312000.00,EE,00
487,1893812750.00,00,29
488,1893838750.00,EE,00
489,1903340750.00,00,29
490,1903366750.00,EE,00
491,1912882500.00,00,29
492,1912908500.00,EE,00
493,1922410500.00,00,29
494,1922436500.00,EE,00
495,1931938500.00,00,29
496,1931964500.00,EE,00
497,1941466500.00,00,29
498,1941492500.00,EE,00
499,1950993250.00,00,29
500,1951019250.00,EE,00
501,1960521250.00,00,29
502,1960547250.00,EE,00
503,1970063000.00,00,29
504,1970089000.00,EE,00
505,1979591000.00,00,29
506,1979617000.00,EE,00
507,1989119000.00,00,29
508,1989145000.00,EE,00
509,1998645750.00,00,29
510,1998671750.00,EE,00
511,2008173700.00,00,29
512,2008199700.00,EC,00
513,2017715450.00,00,29
514,2017741450.00,DC,00
515,2027243450.00,00,29
516,2027269450.00,DC,00
517,2036771450.00,00,29
518,2036797450.00,DC,00
519,2046298200.00,00,29
520,2046324200.00,DC,00
521,2055742950.00,00,29
522,2055768950.00,DC,00
523,2065270950.00,00,29
524,2065296950.00,DC,00
525,2074812700.00,00,29
526,2074838700.00,DC,00
527,2084340700.00,00,29
528,2084366700.00,DC,00
529,2093867950.00,00,29
530,2093893950.00,DC,00
531,2103395950.00,00,29
532,2103421950.00,DC,00
533,2112923950.00,00,29
534,2112949950.00,DC,00
535,2122451950.00,00,29
536,2122477950.00,DC,00
537,2131993700.00,00,29
538,2132019700.00,DC,00
539,2141521700.00,00,29
540,2141547700.00,FE,00
541,2151048950.00,00,29
542,2151074950.00,FE,00
543,2160576950.00,00,29
544,2160602950.00,FE,00
545,2170104950.00,00,29
546,2170130950.00,EE,00
547,2179646700.00,00,29
548,2179672700.00,EE,00
549,2189174700.00,00,29
550,2189200700.00,EE,00
551,2198701950.00,00,29
552,2198727950.00,EE,00
553,2208229950.00,00,29
554,2208255950.00,EE,00
555,2217757950.00,00,29
556,2217783950.00,EE,00
557,2227285950.00,00,29
558,2227311950.00,EE,00
559,2236827700.00,00,29
560,2236853700.00,EE,00
561,2246423450.00,00,29
562,2246449450.00,EE,00
563,2255951450.00,00,29
564,2255977450.00,EE,00
565,2265479450.00,00,29
566,2265505450.00,EE,00
567,2275007450.00,00,29
568,2275033450.00,EE,00
569,2284549200.00,00,29
570,2284575200.00,EE,00
571,2294075950.00,00,29
572,2294101950.00,EE,00
573,2303603950.00,00,29
574,2303629950.00,EE,00
575,2313131950.00,00,29
576,2313157950.00,EE,00
577,2322659950.00,00,29
578,2322685950.00,EE,00
579,2332187950.00,00,29
580,2332213950.00,EE,00
581,2341770450.00,00,29
582,2341796450.00,EE,00
583,2351346450.00,00,29
584,2351372450.00,EE,00
585,2360874450.00,00,29
586,2360900450.00,EE,00
587,2370402450.00,00,29
588,2370428450.00,EE,00
589,2379930450.00,00,29
590,2379956450.00,EE,00
591,2389472200.00,00,29
592,2389498200.00,EE,00
593,2399006950.00,00,29
594,2399032950.00,EE,00
595,2408534950.00,00,29
596,2408560950.00,EE,00
597,2418062950.00,00,29
598,2418088950.00,EE,00
599,2427590950.00,00,29
600,2427616950.00,EE,00
601,2437118950.00,00,29
602,2437144950.00,EE,00
603,2446649450.00,00,29
604,2446675450.00,EE,00
605,2456230700.00,00,29
606,2456256700.00,EE,00
607,2465810450.00,00,29
608,2465836450.00,EE,00
609,2475373200.00,00,29
610,2475399200.00,EE,00
611,2484925950.00,00,29
612,2484951950.00,EE,00
613,2494494450.00,00,29
614,2494520450.00,EE,00
615,2504047200.00,00,29
616,2504073200.00,EE,00
617,2513599950.00,00,29
618,2513625950.00,EE,00
619,2523130700.00,00,29
620,2523156700.00,EE,00
621,2532658700.00,00,29
622,2532684700.00,EE,00
623,2542185950.00,00,29
624,2542211950.00,EE,00
625,2551727700.00,00,29
626,2551753700.00,EE,00
627,2561255700.00,00,29
628,2561281700.00,EE,00
629,2570783700.00,00,29
630,2570809700.00,EE,00
631,2580311700.00,00,29
632,2580337700.00,EE,00
633,2589839700.00,00,29
634,2589865700.00,EE,00
635,2599380700.00,00,29
636,2599406700.00,EE,00
637,2608908700.00,00,29
638,2608934700.00,EE,00
639,2618436700.00,00,29
640,2618462700.00,EE,00
641,2627964700.00,00,29
642,2627990700.00,EE,00
643,2637492700.00,00,29
644,2637518700.00,EE,00
645,2647019950.00,00,29
646,2647045950.00,EE,00
647,2656561700.00,00,29
648,2656587700.00,EE,00
649,2666089700.00,00,29
650,2666115700.00,EE,00
651,2675617700.00,00,29
652,2675643700.00,EE,00
653,2685145700.00,00,29
654,2685171700.00,EE,00
655,2694672950.00,00,29
656,2694698950.00,EE,00
657,2704214700.00,00,29
658,2704240700.00,EE,00
659,2713742700.00,00,29
660,2713768700.00,EE,00
661,2723270700.00,00,29
662,2723296700.00,EE,00
663,2732798700.00,00,29
664,2732824700.00,EE,00
665,2742325950.00,00,29
666,2742351950.00,EE,00
667,2751853950.00,00,29
668,2751879950.00,EE,00
669,2761395650.00,00,29
670,2761421650.00,EE,00
671,2770923650.00,00,29
672,2770949650.00,EC,00
673,2780451650.00,00,29
674,2780477650.00,DC,00
675,2789979650.00,00,29
676,2790005650.00,DC,00
677,2799506900.00,00,29
678,2799532900.00,DC,00
679,2809048650.00,00,29
680,2809074650.00,DC,00
681,2818576650.00,00,29
682,2818602650.00,DC,00
683,2828104650.00,00,29
684,2828130650.00,DC,00
685,2837632650.00,00,29
686,2837658650.00,DC,00
687,2847159400.00,00,29
688,2847185400.00,DC,00
689,2856687400.00,00,29
690,2856713400.00,DC,00
691,2866229150.00,00,29
692,2866255150.00,DC,00
693,2875757150.00,00,29
694,2875783150.00,DC,00
695,2885285150.00,00,29
696,2885311150.00,DC,00
697,2894811900.00,00,29
698,2894837900.00,DC,00
699,2904339900.00,00,29
700,2904365900.00,DC,00
701,2913881650.00,00,29
702,2913907650.00,DC,00
703,2923409650.00,00,29
704,2923435650.00,DC,00
705,2932937650.00,00,29
706,2932963650.00,DE,00
707,2942464400.00,00,29
708,2942490400.00,FE,00
709,2951992400.00,00,29
710,2952018400.00,FE,00
711,2961520400.00,00,29
712,2961546400.00,FE,00
713,2971062150.00,00,29
714,2971088150.00,EE,00
715,2980590150.00,00,29
716,2980616150.00,EE,00
717,2990118150.00,00,29
718,2990144150.00,EE,00
719,2999644900.00,00,29
720,2999670900.00,EE,00
721,3009172900.00,00,29
722,3009198900.00,EE,00
723,3018714650.00,00,29
724,3018740650.00,EE,00
725,3028242650.00,00,29
726,3028268650.00,EE,00
727,3037770650.00,00,29
728,3037796650.00,EE,00
729,3047297400.00,00,29
730,3047323400.00,EE,00
731,3056825400.00,00,29
732,3056851400.00,EE,00
733,3066353400.00,00,29
734,3066379400.00,EE,00
735,3075895150.00,00,29
736,3075921150.00,EE,00
737,3085423150.00,00,29
738,3085449150.00,EE,00
739,3094950400.00,00,29
740,3094976400.00,EE,00
741,3104478400.00,00,29
742,3104504400.00,EE,00
743,3114006400.00,00,29
744,3114032400.00,EE,00
745,3123548150.00,00,29
746,3123574150.00,EE,00
747,3133076150.00,00,29
748,3133102150.00,EE,00
749,3142603400.00,00,29
750,3142629400.00,EE,00
751,3152048150.00,00,29
752,3152074150.00,EE,00
753,3161576150.00,00,29
754,3161602150.00,EE,00
755,3171104150.00,00,29
756,3171130150.00,EE,00
757,3180645900.00,00,29
758,3180671900.00,EE,00
759,3190173900.00,00,29
760,3190199900.00,EE,00
761,3199701150.00,00,29
762,3199727150.00,EE,00
763,3209229150.00,00,29
764,3209255150.00,EE,00
765,3218757150.00,00,29
766,3218783150.00,EE,00
767,3228285150.00,00,29
768,3228311150.00,EE,00
769,3237826900.00,00,29
770,3237852900.00,EE,00
771,3247354150.00,00,29
772,3247380150.00,EE,00
773,3256882150.00,00,29
774,3256908150.00,EE,00
775,3266410150.00,00,29
776,3266436150.00,EE,00
777,3275938150.00,00,29
778,3275964150.00,EE,00
779,3285479900.00,00,29
780,3285505900.00,EE,00
781,3295006650.00,00,29
782,3295032650.00,EE,00
783,3304534650.00,00,29
784,3304560650.00,EE,00
785,3314062650.00,00,29
786,3314088650.00,EE,00
787,3323590650.00,00,29
788,3323616650.00,EE,00
789,3333118650.00,00,29
790,3333144650.00,EE,00
791,3342576650.00,00,09
792,3342602650.00,68,00
793,3342943650.00,00,04
794,3342968900.00,00,50
795,3343004150.00,00,04
796,3343029400.00,00,33
797,3343064650.00,00,04
798,3343089900.00,00,30
799,3343125150.00,00,04
800,3343150400.00,00,23
801,3343185650.00,00,04
802,3343210900.00,00,23
803,3343246150.00,00,04
804,3343271400.00,00,52
805,3343306650.00,00,04
806,3343331900.00,00,47
807,3343367150.00,00,04
808,3343392400.00,00,49
809,3343427650.00,00,04
810,3343452900.00,00,6E
811,3343488150.00,00,04
812,3343513400.00,00,64
813,3343548650.00,00,04
814,3343573900.00,00,75
815,3343609150.00,00,04
816,3343634400.00,00,44
817,3343669650.00,00,04
818,3343694900.00,00,2B
819,3343728900.00,00,06
820,3343754150.00,00,50
821,3343784900.00,00,04
822,3343810150.00,00,2B
823,3343839400.00,00,06
824,3343864650.00,00,60
825,3343945400.00,00,29
826,3343971400.00,EE,00
827,3353460400.00,00,29
828,3353486400.00,EE,00
829,3363045650.00,00,29
830,3363071650.00,EE,00
831,3372659400.00,00,29
832,3372685400.00,EE,00
833,3377918400.00,00,0F
834,3377944400.00,42,00
835,3377992650.00,00,09
836,3378018650.00,1B,00
837,3378073900.00,00,05
838,3378099900.00,51,00
839,3378161150.00,00,09
840,3378187150.00,09,00
841,3378239900.00,00,05
842,3378265900.00,23,00
843,3378327150.00,00,09
844,3378353150.00,09,00
845,3378405900.00,00,05
846,3378431900.00,23,00
847,3378493150.00,00,09
848,3378519150.00,09,00
849,3378571900.00,00,05
850,3378597900.00,33,00
851,3378659150.00,00,09
852,3378685150.00,29,00
853,3378738150.00,00,05
854,3378764150.00,30,00
855,3378832900.00,00,09
856,3378858900.00,28,00
857,3378894900.00,00,06
858,3378920150.00,00,60
859,3383200650.00,00,29
860,3383226650.00,EE,00
861,3386461650.00,00,0F
862,3386487650.00,42,00
863,3386535900.00,00,09
864,3386561900.00,1B,00
865,3386617150.00,00,05
866,3386643150.00,50,00
867,3386706900.00,00,09
868,3386732900.00,0B,00
869,3386785650.00,00,05
870,3386811650.00,23,00
871,3386875400.00,00,09
872,3386901400.00,0B,00
873,3386954150.00,00,05
874,3386980150.00,23,00
875,3387043900.00,00,09
876,3387069900.00,09,00
877,3387122650.00,00,05
878,3387148650.00,33,00
879,3387212400.00,00,09
880,3387238400.00,09,00
881,3387291150.00,00,05
882,3387317150.00,30,00
883,3387380900.00,00,09
884,3387406900.00,09,00
885,3387459650.00,00,05
886,3387485650.00,53,00
887,3387549400.00,00,09
888,3387575400.00,29,00
889,3387628400.00,00,05
890,3387654400.00,4E,00
891,3387726150.00,00,09
892,3387752150.00,28,00
893,3387788150.00,00,06
894,3387813400.00,00,60
895,3388275900.00,00,09
896,3388301900.00,28,00
897,3388645650.00,00,04
898,3388670900.00,00,51
899,3388706150.00,00,04
900,3388731400.00,00,33
901,3388766650.00,00,04
902,3388791900.00,00,30
903,3388827150.00,00,04
904,3388852400.00,00,23
905,3388886400.00,00,06
906,3388911650.00,00,50
907,3388942400.00,00,04
908,3388967650.00,00,23
909,3388996900.00,00,06
910,3389022150.00,00,60
911,3418996900.00,00,0F
912,3419022900.00,42,00
913,3419071150.00,00,09
914,3419097150.00,1B,00
915,3419152400.00,00,05
916,3419178400.00,50,00
917,3419233650.00,00,09
918,3419259650.00,0B,00
919,3419312400.00,00,05
920,3419338400.00,23,00
921,3419393650.00,00,09
922,3419419650.00,0B,00
923,3419472400.00,00,05
924,3419498400.00,23,00
925,3419553650.00,00,09
926,3419579650.00,0B,00
927,3419632400.00,00,05
928,3419658400.00,33,00
929,3419713650.00,00,09
930,3419739650.00,0B,00
931,3419792400.00,00,05
932,3419818400.00,30,00
933,3419873650.00,00,09
934,3419899650.00,0B,00
935,3419952400.00,00,05
936,3419978400.00,56,00
937,3420033650.00,00,09
938,3420059650.00,09,00
939,3420112400.00,00,05
940,3420138400.00,30,00
941,3420193650.00,00,09
942,3420219650.00,09,00
943,3420272400.00,00,05
944,3420298400.00,35,00
945,3420353650.00,00,09
946,3420379650.00,09,00
947,3420432400.00,00,05
948,3420458400.00,30,00
949,3420513650.00,00,09
950,3420539650.00,29,00
951,3420592650.00,00,05
952,3420618650.00,30,00
953,3420681400.00,00,09
954,3420707400.00,28,00
955,3420743400.00,00,06
956,3420768650.00,00,60
957,3519365900.00,00,29
958,3519391900.00,EE,00
959,3519931650.00,00,09
960,3519957650.00,68,00
961,3520300650.00,00,04
962,3520325900.00,00,51
963,3520361150.00,00,04
964,3520386400.00,00,33
965,3520421650.00,00,04
966,3520446900.00,00,30
967,3520482150.00,00,04
968,3520507400.00,00,23
969,3520541400.00,00,06
970,3520566650.00,00,50
971,3520597400.00,00,04
972,3520622650.00,00,23
973,3520651900.00,00,06
974,3520677150.00,00,60
975,3529273900.00,00,29
976,3529299900.00,EE,00
977,3538844150.00,00,29
978,3538870150.00,EE,00
979,3544964150.00,00,0F
980,3544990150.00,42,00
981,3545038400.00,00,09
982,3545064400.00,1B,00
983,3545119650.00,00,05
984,3545145650.00,50,00
985,3545203900.00,00,09
986,3545229900.00,0B,00
987,3545282650.00,00,05
988,3545308650.00,23,00
989,3545366900.00,00,09
990,3545392900.00,0B,00
991,3545445650.00,00,05
992,3545471650.00,23,00
993,3545529900.00,00,09
994,3545555900.00,09,00
995,3545608650.00,00,05
996,3545634650.00,33,00
997,3545692900.00,00,09
998,3545718900.00,09,00
999,3545771650.00,00,05
1000,3545797650.00,30,00
1001,3545855900.00,00,09
1002,3545881900.00,09,00
1003,3545934650.00,00,05
1004,3545960650.00,50,00
1005,3546018900.00,00,09
1006,3546044900.00,29,00
1007,3546097900.00,00,05
1008,3546123900.00,31,00
1009,3546189650.00,00,09
1010,3546215650.00,28,00
1011,3546251650.00,00,06
1012,3546276900.00,00,60
1013,3546692400.00,00,09
1014,3546718400.00,28,00
1015,3547061400.00,00,04
1016,3547086650.00,00,51
1017,3547121900.00,00,04
1018,3547147150.00,00,33
1019,3547182400.00,00,04
1020,3547207650.00,00,30
1021,3547242900.00,00,04
1022,3547268150.00,00,23
1023,3547302150.00,00,06
1024,3547327400.00,00,50
1025,3547358150.00,00,04
1026,3547383400.00,00,23
1027,3547412650.00,00,06
1028,3547437900.00,00,60
1029,3556258400.00,00,29
1030,3556284400.00,EE,00
1031,3565814650.00,00,29
1032,3565840650.00,EE,00
1033,3572529150.00,00,0F
1034,3572555150.00,42,00
1035,3572603400.00,00,09
1036,3572629400.00,1B,00
1037,3572684650.00,00,05
1038,3572710650.00,50,00
1039,3572771650.00,00,09
1040,3572797650.00,0B,00
1041,3572850400.00,00,05
1042,3572876400.00,23,00
1043,3572937400.00,00,09
1044,3572963400.00,0B,00
1045,3573016150.00,00,05
1046,3573042150.00,23,00
1047,3573103150.00,00,09
1048,3573129150.00,0B,00
1049,3573181900.00,00,05
1050,3573207900.00,33,00
1051,3573268900.00,00,09
1052,3573294900.00,0B,00
1053,3573347650.00,00,05
1054,3573373650.00,30,00
1055,3573434650.00,00,09
1056,3573460650.00,0B,00
1057,3573513400.00,00,05
1058,3573539400.00,43,00
1059,3573600400.00,00,09
1060,3573626400.00,0B,00
1061,3573679150.00,00,05
1062,3573705150.00,30,00
1063,3573766150.00,00,09
1064,3573792150.00,0B,00
1065,3573844900.00,00,05
1066,3573870900.00,30,00
1067,3573931900.00,00,09
1068,3573957900.00,0B,00
1069,3574010650.00,00,05
1070,3574036650.00,63,00
1071,3574097650.00,00,09
1072,3574123650.00,09,00
1073,3574176400.00,00,05
1074,3574202400.00,30,00
1075,3574263400.00,00,09
1076,3574289400.00,09,00
1077,3574342150.00,00,05
1078,3574368150.00,30,00
1079,3574429150.00,00,09
1080,3574455150.00,09,00
1081,3574507900.00,00,05
1082,3574533900.00,31,00
1083,3574594900.00,00,09
1084,3574620900.00,29,00
1085,3574673900.00,00,05
1086,3574699900.00,34,00
1087,3574768400.00,00,09
1088,3574794400.00,28,00
1089,3574830400.00,00,06
1090,3574855650.00,00,60
1091,3575435650.00,00,09
1092,3575461650.00,28,00
1093,3575805650.00,00,04
1094,3575830900.00,00,51
1095,3575866150.00,00,04
1096,3575891400.00,00,33
1097,3575926650.00,00,04
1098,3575951900.00,00,30
1099,3575987150.00,00,04
1100,3576012400.00,00,23
1101,3576046400.00,00,06
1102,3576071650.00,00,50
1103,3576102400.00,00,04
1104,3576127650.00,00,23
1105,3576156900.00,00,06
1106,3576182150.00,00,60
1107,3605030650.00,00,0F
1108,3605056650.00,42,00
1109,3605104900.00,00,09
1110,3605130900.00,1B,00
1111,3605186150.00,00,05
1112,3605212150.00,50,00
1113,3605273400.00,00,09
1114,3605299400.00,0B,00
1115,3605352150.00,00,05
1116,3605378150.00,23,00
1117,3605439400.00,00,09
1118,3605465400.00,0B,00
1119,3605518150.00,00,05
1120,3605544150.00,23,00
1121,3605605400.00,00,09
1122,3605631400.00,0B,00
1123,3605684150.00,00,05
1124,3605710150.00,33,00
1125,3605771400.00,00,09
1126,3605797400.00,0B,00
1127,3605850150.00,00,05
1128,3605876150.00,30,00
1129,3605937400.00,00,09
1130,3605963400.00,0B,00
1131,3606016150.00,00,05
1132,3606042150.00,42,00
1133,3606103400.00,00,09
1134,3606129400.00,0B,00
1135,3606182150.00,00,05
1136,3606208150.00,30,00
1137,3606269400.00,00,09
1138,3606295400.00,0B,00
1139,3606348150.00,00,05
1140,3606374150.00,30,00
1141,3606435400.00,00,09
1142,3606461400.00,0B,00
1143,3606514150.00,00,05
1144,3606540150.00,30,00
1145,3606601400.00,00,09
1146,3606627400.00,09,00
1147,3606680150.00,00,05
1148,3606706150.00,31,00
1149,3606767400.00,00,09
1150,3606793400.00,09,00
1151,3606846150.00,00,05
1152,3606872150.00,30,00
1153,3606933400.00,00,09
1154,3606959400.00,09,00
1155,3607012150.00,00,05
1156,3607038150.00,44,00
1157,3607099400.00,00,09
1158,3607125400.00,29,00
1159,3607178400.00,00,05
1160,3607204400.00,30,00
1161,3607273150.00,00,09
1162,3607299150.00,28,00
1163,3607335150.00,00,06
1164,3607360400.00,00,60
1165,3610859150.00,00,29
1166,3610885150.00,EE,00
1167,3611454900.00,00,09
1168,3611480900.00,68,00
1169,3611823150.00,00,04
1170,3611848400.00,00,51
1171,3611883650.00,00,04
1172,3611908900.00,00,33
1173,3611944150.00,00,04
1174,3611969400.00,00,30
1175,3612004650.00,00,04
1176,3612029900.00,00,23
1177,3612063900.00,00,06
1178,3612089150.00,00,50
1179,3612119900.00,00,04
1180,3612145150.00,00,23
1181,3612174400.00,00,06
1182,3612199650.00,00,60
1183,3620933650.00,00,29
1184,3620959650.00,EE,00
1185,3630518900.00,00,29
1186,3630544900.00,EE,00
1187,3640104150.00,00,29
1188,3640130150.00,EE,00
1189,3645154900.00,00,0F
1190,3645180900.00,42,00
1191,3645229150.00,00,09
1192,3645255150.00,1B,00
1193,3645310400.00,00,05
1194,3645336400.00,50,00
1195,3645400150.00,00,09
1196,3645426150.00,0B,00
1197,3645478900.00,00,05
1198,3645504900.00,23,00
1199,3645568650.00,00,09
1200,3645594650.00,0B,00
1201,3645647400.00,00,05
1202,3645673400.00,23,00
1203,3645737150.00,00,09
1204,3645763150.00,0B,00
1205,3645815900.00,00,05
1206,3645841900.00,33,00
1207,3645905650.00,00,09
1208,3645931650.00,0B,00
1209,3645984400.00,00,05
1210,3646010400.00,30,00
1211,3646074150.00,00,09
1212,3646100150.00,0B,00
1213,3646152900.00,00,05
1214,3646178900.00,45,00
1215,3646242650.00,00,09
1216,3646268650.00,0B,00
1217,3646321400.00,00,05
1218,3646347400.00,49,00
1219,3646411150.00,00,09
1220,3646437150.00,0B,00
1221,3646489900.00,00,05
1222,3646515900.00,6E,00
1223,3646579650.00,00,09
1224,3646605650.00,0B,00
1225,3646658400.00,00,05
1226,3646684400.00,64,00
1227,3646748150.00,00,09
1228,3646774150.00,09,00
1229,3646826900.00,00,05
1230,3646852900.00,75,00
1231,3646916650.00,00,09
1232,3646942650.00,09,00
1233,3646995400.00,00,05
1234,3647021400.00,44,00
1235,3647085150.00,00,09
1236,3647111150.00,09,00
1237,3647163900.00,00,05
1238,3647189900.00,2B,00
1239,3647253650.00,00,09
1240,3647279650.00,29,00
1241,3647332650.00,00,05
1242,3647358650.00,2B,00
1243,3647430400.00,00,09
1244,3647456400.00,28,00
1245,3647492400.00,00,06
1246,3647517650.00,00,60
1247,3648130150.00,00,09
1248,3648156150.00,28,00
1249,3648499900.00,00,04
1250,3648525150.00,00,51
1251,3648560400.00,00,04
1252,3648585650.00,00,33
1253,3648620900.00,00,04
1254,3648646150.00,00,30
1255,3648681400.00,00,04
1256,3648706650.00,00,23
1257,3648740650.00,00,06
1258,3648765900.00,00,50
1259,3648796650.00,00,04
1260,3648821900.00,00,23
1261,3648851150.00,00,06
1262,3648876400.00,00,60
1263,3726515350.00,00,29
1264,3726541350.00,EC,00
1265,3727410350.00,00,09
1266,3727436350.00,68,00
1267,3727778600.00,00,04
1268,3727803850.00,00,56
1269,3727839100.00,00,04
1270,3727864350.00,00,33
1271,3727899600.00,00,04
1272,3727924850.00,00,30
1273,3727960100.00,00,04
1274,3727985350.00,00,23
1275,3728020600.00,00,04
1276,3728045850.00,00,23
1277,3728081100.00,00,04
1278,3728106350.00,00,4B
1279,3728141600.00,00,04
1280,3728166850.00,00,30
1281,3728202100.00,00,04
1282,3728227350.00,00,30
1283,3728262600.00,00,04
1284,3728287850.00,00,33
1285,3728323100.00,00,04
1286,3728348350.00,00,30
1287,3728383600.00,00,04
1288,3728408850.00,00,30
1289,3728444100.00,00,04
1290,3728469350.00,00,30
1291,3728504600.00,00,04
1292,3728529850.00,00,3A
1293,3728565100.00,00,04
1294,3728590350.00,00,30
1295,3728625600.00,00,04
1296,3728650850.00,00,30
1297,3728684850.00,00,06
1298,3728710100.00,00,50
1299,3728740850.00,00,04
1300,3728766100.00,00,30
1301,3728795350.00,00,06
1302,3728820600.00,00,60
1303,3761548350.00,00,0F
1304,3761574350.00,84,00
1305,3761622600.00,00,09
1306,3761648600.00,36,00
1307,3761703850.00,00,05
1308,3761729850.00,A2,00
1309,3761785100.00,00,09
1310,3761811100.00,12,00
1311,3761863850.00,00,05
1312,3761889850.00,46,00
1313,3761945100.00,00,09
1314,3761971100.00,12,00
1315,3762023850.00,00,05
1316,3762049850.00,46,00
1317,3762105100.00,00,09
1318,3762131100.00,12,00
1319,3762183850.00,00,05
1320,3762209850.00,66,00
1321,3762265100.00,00,09
1322,3762291100.00,52,00
1323,3762344100.00,00,05
1324,3762370100.00,60,00
1325,3762432850.00,00,09
1326,3762458850.00,50,00
1327,3762494850.00,00,06
1328,3762520100.00,00,60
1329,3763226600.00,00,09
1330,3763252600.00,50,00
1331,3763608100.00,00,04
1332,3763633350.00,00,56
1333,3763668600.00,00,04
1334,3763693850.00,00,33
1335,3763729100.00,00,04
1336,3763754350.00,00,30
1337,3763789600.00,00,04
1338,3763814850.00,00,23
1339,3763850100.00,00,04
1340,3763875350.00,00,23
1341,3763910600.00,00,04
1342,3763935850.00,00,54
1343,3763971100.00,00,04
1344,3763996350.00,00,47
1345,3764031600.00,00,04
1346,3764056850.00,00,53
1347,3764092100.00,00,04
1348,3764117350.00,00,30
1349,3764152600.00,00,04
1350,3764177850.00,00,33
1351,3764213100.00,00,04
1352,3764238350.00,00,48
1353,3764273600.00,00,04
1354,3764298850.00,00,30
1355,3764332850.00,00,06
1356,3764358100.00,00,50
1357,3764388850.00,00,04
1358,3764414100.00,00,31
1359,3764443350.00,00,06
1360,3764468600.00,00,60
1361,3793546600.00,00,0F
1362,3793572600.00,84,00
1363,3793620850.00,00,09
1364,3793646850.00,36,00
1365,3793702100.00,00,05
1366,3793728100.00,A2,00
1367,3793786350.00,00,09
1368,3793812350.00,12,00
1369,3793865100.00,00,05
1370,3793891100.00,46,00
1371,3793949350.00,00,09
1372,3793975350.00,12,00
1373,3794028100.00,00,05
1374,3794054100.00,46,00
1375,3794112350.00,00,09
1376,3794138350.00,12,00
1377,3794191100.00,00,05
1378,3794217100.00,66,00
1379,3794275350.00,00,09
1380,3794301350.00,52,00
1381,3794354350.00,00,05
1382,3794380350.00,60,00
1383,3794446100.00,00,09
1384,3794472100.00,50,00
1385,3794508100.00,00,06
1386,3794533350.00,00,60
1387,3794866100.00,00,09
1388,3794892100.00,50,00
1389,3795233850.00,00,04
1390,3795259100.00,00,56
1391,3795294350.00,00,04
1392,3795319600.00,00,33
1393,3795354850.00,00,04
1394,3795380100.00,00,30
1395,3795415350.00,00,04
1396,3795440600.00,00,23
1397,3795475850.00,00,04
1398,3795501100.00,00,23
1399,3795536350.00,00,04
1400,3795561600.00,00,48
1401,3795595600.00,00,06
1402,3795620850.00,00,50
1403,3795651600.00,00,04
1404,3795676850.00,00,31
1405,3795706100.00,00,06
1406,3795731350.00,00,60
1407,3824546100.00,00,0F
1408,3824572100.00,84,00
1409,3824620350.00,00,09
1410,3824646350.00,36,00
1411,3824701600.00,00,05
1412,3824727600.00,A2,00
1413,3824788600.00,00,09
1414,3824814600.00,12,00
1415,3824867350.00,00,05
1416,3824893350.00,46,00
1417,3824954350.00,00,09
1418,3824980350.00,12,00
1419,3825033100.00,00,05
1420,3825059100.00,46,00
1421,3825120100.00,00,09
1422,3825146100.00,12,00
1423,3825198850.00,00,05
1424,3825224850.00,66,00
1425,3825285850.00,00,09
1426,3825311850.00,52,00
1427,3825364850.00,00,05
1428,3825390850.00,60,00
1429,3825459350.00,00,09
1430,3825485350.00,50,00
1431,3825521350.00,00,06
1432,3825546600.00,00,60
1433,3825976850.00,00,09
1434,3826002850.00,50,00
1435,3826344350.00,00,04
1436,3826369600.00,00,56
1437,3826404850.00,00,04
1438,3826430100.00,00,33
1439,3826465350.00,00,04
1440,3826490600.00,00,30
1441,3826525850.00,00,04
1442,3826551100.00,00,23
1443,3826586350.00,00,04
1444,3826611600.00,00,23
1445,3826646850.00,00,04
1446,3826672100.00,00,68
1447,3826707350.00,00,04
1448,3826732600.00,00,36
1449,3826767850.00,00,04
1450,3826793100.00,00,30
1451,3826828350.00,00,04
1452,3826853600.00,00,30
1453,3826888850.00,00,04
1454,3826914100.00,00,30
1455,3826949350.00,00,04
1456,3826974600.00,00,30
1457,3827009850.00,00,04
1458,3827035100.00,00,30
1459,3827070350.00,00,04
1460,3827095600.00,00,30
1461,3827130850.00,00,04
1462,3827156100.00,00,30
1463,3827191350.00,00,04
1464,3827216600.00,00,30
1465,3827251850.00,00,04
1466,3827277100.00,00,30
1467,3827312350.00,00,04
1468,3827337600.00,00,30
1469,3827372850.00,00,04
1470,3827398100.00,00,30
1471,3827432100.00,00,06
1472,3827457350.00,00,50
1473,3827488100.00,00,04
1474,3827513350.00,00,30
1475,3827542600.00,00,06
1476,3827567850.00,00,60
1477,3858549600.00,00,0F
1478,3858575600.00,C6,00
1479,3858623850.00,00,09
1480,3858649850.00,3F,00
1481,3858705100.00,00,05
1482,3858731100.00,F3,00
1483,3858792350.00,00,09
1484,3858818350.00,1B,00
1485,3858871100.00,00,05
1486,3858897100.00,67,00
1487,3858958350.00,00,09
1488,3858984350.00,1B,00
1489,3859037100.00,00,05
1490,3859063100.00,67,00
1491,3859124350.00,00,09
1492,3859150350.00,1B,00
1493,3859203100.00,00,05
1494,3859229100.00,77,00
1495,3859290350.00,00,09
1496,3859316350.00,7B,00
1497,3859369350.00,00,05
1498,3859395350.00,70,00
1499,3859464100.00,00,09
1500,3859490100.00,78,00
1501,3859526100.00,00,06
1502,3859551350.00,00,60
1503,3861946100.00,00,09
1504,3861972100.00,F8,00
1505,3862313850.00,00,04
1506,3862339100.00,00,50
1507,3862374350.00,00,04
1508,3862399600.00,00,33
1509,3862434850.00,00,04
1510,3862460100.00,00,30
1511,3862495350.00,00,04
1512,3862520600.00,00,23
1513,3862555850.00,00,04
1514,3862581100.00,00,23
1515,3862615100.00,00,06
1516,3862640350.00,00,50
1517,3862671100.00,00,04
1518,3862696350.00,00,51
1519,3862725600.00,00,06
1520,3862750850.00,00,60
1521,3862867350.00,00,29
1522,3862893350.00,FE,00
1523,3873019350.00,00,29
1524,3873045350.00,EE,00
1525,3882904100.00,00,29
1526,3882930100.00,EE,00
1527,3888559100.00,00,0F
1528,3888585100.00,42,00
1529,3888633350.00,00,09
1530,3888659350.00,1B,00
1531,3888714600.00,00,05
1532,3888740600.00,51,00
1533,3888804350.00,00,09
1534,3888830350.00,09,00
1535,3888883100.00,00,05
1536,3888909100.00,23,00
1537,3888972850.00,00,09
1538,3888998850.00,09,00
1539,3889051600.00,00,05
1540,3889077600.00,23,00
1541,3889141350.00,00,09
1542,3889167350.00,09,00
1543,3889220100.00,00,05
1544,3889246100.00,33,00
1545,3889309850.00,00,09
1546,3889335850.00,29,00
1547,3889388850.00,00,05
1548,3889414850.00,30,00
1549,3889486600.00,00,09
1550,3889512600.00,28,00
1551,3889548600.00,00,06
1552,3889573850.00,00,60
1553,3894118100.00,00,29
1554,3894144100.00,EE,00
1555,3903912600.00,00,29
1556,3903938600.00,EE,00
1557,3913707100.00,00,29
1558,3913733100.00,EE,00
1559,3923519100.00,00,29
1560,3923545100.00,EE,00
1561,3933313600.00,00,29
1562,3933339600.00,EE,00
1563,3943169100.00,00,29
1564,3943195100.00,EE,00
1565,3952924100.00,00,29
1566,3952950100.00,EE,00
1567,3962708600.00,00,29
1568,3962734600.00,EE,00
1569,3972463600.00,00,29
1570,3972489600.00,EE,00
1571,3982218600.00,00,29
1572,3982244600.00,EE,00
1573,3992003100.00,00,29
1574,3992029100.00,EE,00
1575,4001841100.00,00,29
1576,4001867100.00,EE,00
1577,4011625600.00,00,29
1578,4011651600.00,EE,00
1579,4021380600.00,00,29
1580,4021406600.00,EE,00
1581,4031135600.00,00,29
1582,4031161600.00,EE,00
1583,4040905350.00,00,29
1584,4040931350.00,EE,00
1585,4050743350.00,00,29
1586,4050769350.00,EE,00
1587,4060527850.00,00,29
1588,4060553850.00,EE,00
1589,4070282850.00,00,29
1590,4070308850.00,EE,00
1591,4080037850.00,00,29
1592,4080063850.00,EE,00
1593,4089807600.00,00,29
1594,4089833600.00,EE,00
1595,4099646100.00,00,29
1596,4099672100.00,EE,00
1597,4109430600.00,00,29
1598,4109456600.00,EE,00
1599,4119185600.00,00,29
1600,4119211600.00,EE,00
1601,4128943600.00,00,29
1602,4128969600.00,EE,00
1603,4138715350.00,00,29
1604,4138741350.00,EE,00
1605,4148556850.00,00,29
1606,4148582850.00,EE,00
1607,4158343350.00,00,29
1608,4158369350.00,EE,00
1609,4168101350.00,00,29
1610,4168127350.00,EE,00
1611,4177859350.00,00,29
1612,4177885350.00,EE,00
1613,4187631100.00,00,29
1614,4187657100.00,EE,00
1615,4197472600.00,00,29
1616,4197498600.00,EE,00
1617,4207259100.00,00,29
1618,4207285100.00,EE,00
1619,4217017100.00,00,29
1620,4217043100.00,EE,00
1621,4226775100.00,00,29
1622,4226801100.00,EE,00
1623,4236561600.00,00,29
1624,4236587600.00,EE,00
1625,4246403100.00,00,29
1626,4246429100.00,EE,00
1627,4256189600.00,00,29
1628,4256215600.00,EE,00
1629,4265947600.00,00,29
1630,4265973600.00,EE,00
1631,4275734100.00,00,29
1632,4275760100.00,EE,00
1633,4285492100.00,00,29
1634,4285518100.00,EE,00
1635,4295333100.00,00,29
1636,4295359100.00,EE,00
1637,4305119600.00,00,29
1638,4305145600.00,EE,00
1639,4314877600.00,00,29
1640,4314903600.00,EE,00
1641,4324664100.00,00,29
1642,4324690100.00,EE,00
1643,4334422100.00,00,29
1644,4334448100.00,EE,00
1645,4344299350.00,00,29
1646,4344325350.00,EE,00
1647,4354057350.00,00,29
1648,4354083350.00,EE,00
1649,4363815350.00,00,29
1650,4363841350.00,EE,00
1651,4373587100.00,00,29
1652,4373613100.00,EE,00
1653,4383345100.00,00,29
1654,4383371100.00,EE,00
1655,4393194100.00,00,29
1656,4393220100.00,EE,00
1657,4402965850.00,00,29
1658,4402991850.00,EE,00
1659,4412723850.00,00,29
1660,4412749850.00,EE,00
1661,4422510350.00,00,29
1662,4422536350.00,EE,00
1663,4432268350.00,00,29
1664,4432294350.00,EE,00
1665,4442026350.00,00,29
1666,4442052350.00,EE,00
1667,4451881550.00,00,29
1668,4451907550.00,EE,00
1669,4461639550.00,00,29
1670,4461665550.00,DC,00
1671,4471426050.00,00,29
1672,4471452050.00,DC,00
1673,4481184050.00,00,29
1674,4481210050.00,DC,00
1675,4490942050.00,00,29
1676,4490968050.00,DC,00
1677,4500797300.00,00,29
1678,4500823300.00,DC,00
1679,4510555300.00,00,29
1680,4510581300.00,DC,00
1681,4520327050.00,00,29
1682,4520353050.00,DC,00
1683,4530085050.00,00,29
1684,4530111050.00,DC,00
1685,4539843050.00,00,29
1686,4539869050.00,DC,00
1687,4549698300.00,00,29
1688,4549724300.00,DC,00
1689,4559456300.00,00,29
1690,4559482300.00,DC,00
1691,4569214300.00,00,29
1692,4569240300.00,DC,00
1693,4579000800.00,00,29
1694,4579026800.00,DC,00
1695,4588758800.00,00,29
1696,4588784800.00,DC,00
1697,4598614050.00,00,29
1698,4598640050.00,FE,00
1699,4608372050.00,00,29
1700,4608398050.00,FE,00
1701,4618130050.00,00,29
1702,4618156050.00,FE,00
1703,4627901800.00,00,29
1704,4627927800.00,EE,00
1705,4637659800.00,00,29
1706,4637685800.00,EE,00
1707,4647515050.00,00,29
1708,4647541050.00,EE,00
1709,4657273050.00,00,29
1710,4657299050.00,EE,00
1711,4667031050.00,00,29
1712,4667057050.00,EE,00
1713,4676817550.00,00,29
1714,4676843550.00,EE,00
1715,4686575550.00,00,29
1716,4686601550.00,EE,00
1717,4696445550.00,00,29
1718,4696471550.00,EE,00
1719,4706203550.00,00,29
1720,4706229550.00,EE,00
1721,4715961550.00,00,29
1722,4715987550.00,EE,00
1723,4725733300.00,00,29
1724,4725759300.00,EE,00
1725,4735491300.00,00,29
1726,4735517300.00,EE,00
1727,4745346550.00,00,29
1728,4745372550.00,EE,00
1729,4755104550.00,00,29
1730,4755130550.00,EE,00
1731,4764862550.00,00,29
1732,4764888550.00,EE,00
1733,4774649050.00,00,29
1734,4774675050.00,EE,00
1735,4784407050.00,00,29
1736,4784433050.00,EE,00
1737,4794262300.00,00,29
1738,4794288300.00,EE,00
1739,4804020300.00,00,29
1740,4804046300.00,EE,00
1741,4813778300.00,00,29
1742,4813804300.00,EE,00
1743,4823564800.00,00,29
1744,4823590800.00,EE,00
1745,4833322800.00,00,29
1746,4833348800.00,EE,00
1747,4844241800.00,00,29
1748,4844267800.00,EE,00
1749,4853999800.00,00,29
1750,4854025800.00,EE,00
1751,4863757800.00,00,29
1752,4863783800.00,EE,00
1753,4873544300.00,00,29
1754,4873570300.00,EE,00
1755,4883302300.00,00,29
1756,4883328300.00,EE,00
1757,4893157050.00,00,29
1758,4893183050.00,EE,00
1759,4902915050.00,00,29
1760,4902941050.00,EE,00
1761,4912673050.00,00,29
1762,4912699050.00,EE,00
1763,4922459550.00,00,29
1764,4922485550.00,EE,00
1765,4932217550.00,00,29
1766,4932243550.00,EE,00
1767,4942004050.00,00,29
1768,4942030050.00,EE,00
1769,4951845050.00,00,29
1770,4951871050.00,EE,00
1771,4961631550.00,00,29
1772,4961657550.00,EE,00
1773,4971389550.00,00,29
1774,4971415550.00,EE,00
1775,4981147550.00,00,29
1776,4981173550.00,EE,00
1777,4990934050.00,00,29
1778,4990960050.00,EE,00
1779,5000775050.00,00,29
1780,5000801050.00,EE,00
1781,5010561550.00,00,29
1782,5010587550.00,EE,00
1783,5020319550.00,00,29
1784,5020345550.00,EE,00
1785,5030077550.00,00,29
1786,5030103550.00,EE,00
1787,5039849300.00,00,29
1788,5039875300.00,EE,00
1789,5049690300.00,00,29
1790,5049716300.00,EE,00
1791,5059462050.00,00,29
1792,5059488050.00,EE,00
1793,5069220050.00,00,29
1794,5069246050.00,EE,00
1795,5078978050.00,00,29
1796,5079004050.00,EE,00
1797,5088764550.00,00,29
1798,5088790550.00,EE,00
1799,5098606050.00,00,29
1800,5098632050.00,EE,00
1801,5108392550.00,00,29
1802,5108418550.00,EE,00
1803,5118150550.00,00,29
1804,5118176550.00,EE,00
1805,5127908550.00,00,29
1806,5127934550.00,EE,00
1807,5137680300.00,00,29
1808,5137706300.00,EE,00
1809,5147521800.00,00,29
1810,5147547800.00,EE,00
1811,5157308300.00,00,29
1812,5157334300.00,EE,00
1813,5167066300.00,00,29
1814,5167092300.00,EE,00
1815,5176824250.00,00,29
1816,5176850250.00,EE,00
1817,5186610750.00,00,29
1818,5186636750.00,DC,00
1819,5196452250.00,00,29
1820,5196478250.00,DC,00
1821,5206238750.00,00,29
1822,5206264750.00,DC,00
1823,5215996750.00,00,29
1824,5216022750.00,DC,00
1825,5225783250.00,00,29
1826,5225809250.00,DC,00
1827,5235541250.00,00,29
1828,5235567250.00,DC,00
1829,5245382750.00,00,29
1830,5245408750.00,DC,00
1831,5255169250.00,00,29
1832,5255195250.00,DC,00
1833,5264927250.00,00,29
1834,5264953250.00,DC,00
1835,5274699000.00,00,29
1836,5274725000.00,DC,00
1837,5284457000.00,00,29
1838,5284483000.00,DC,00
1839,5294298000.00,00,29
1840,5294324000.00,DC,00
1841,5304069750.00,00,29
1842,5304095750.00,DC,00
1843,5313827750.00,00,29
1844,5313853750.00,FE,00
1845,5323614250.00,00,29
1846,5323640250.00,FE,00
1847,5333372250.00,00,29
1848,5333398250.00,FE,00
1849,5343231000.00,00,09
1850,5343257000.00,68,00
1851,5343600250.00,00,04
1852,5343625500.00,00,41
1853,5343660750.00,00,04
1854,5343686000.00,00,33
1855,5343721250.00,00,04
1856,5343746500.00,00,30
1857,5343781750.00,00,04
1858,5343807000.00,00,23
1859,5343842250.00,00,04
1860,5343867500.00,00,23
1861,5343901500.00,00,06
1862,5343926750.00,00,50
1863,5343957500.00,00,04
1864,5343982750.00,00,30
1865,5344012000.00,00,06
1866,5344037250.00,00,60
1867,5344173000.00,00,29
1868,5344199000.00,EE,00
1869,5353931000.00,00,29
1870,5353957000.00,EE,00
1871,5363717500.00,00,29
1872,5363743500.00,EE,00
1873,5373475500.00,00,29
1874,5373501500.00,EE,00
1875,5383233500.00,00,29
1876,5383259500.00,EE,00
1877,5393096250.00,00,29
1878,5393122250.00,EE,00
1879,5402854250.00,00,29
1880,5402880250.00,EE,00
1881,5412626000.00,00,29
1882,5412652000.00,EE,00
1883,5422384000.00,00,29
1884,5422410000.00,EE,00
1885,5432142000.00,00,29
1886,5432168000.00,EE,00
1887,5441928500.00,00,29
1888,5441954500.00,EE,00
1889,5451770000.00,00,29
1890,5451796000.00,EE,00
1891,5461556500.00,00,29
1892,5461582500.00,EE,00
1893,5471314500.00,00,29
1894,5471340500.00,EE,00
1895,5481072500.00,00,29
1896,5481098500.00,EE,00
1897,5490844250.00,00,29
1898,5490870250.00,EE,00
1899,5500685750.00,00,29
1900,5500711750.00,EE,00
1901,5510472250.00,00,29
1902,5510498250.00,EE,00
1903,5520230250.00,00,29
1904,5520256250.00,EE,00
1905,5529988250.00,00,29
1906,5530014250.00,EE,00
1907,5539774750.00,00,29
1908,5539800750.00,EE,00
1909,5549616250.00,00,29
1910,5549642250.00,EE,00
1911,5559402750.00,00,29
1912,5559428750.00,EE,00
1913,5569160750.00,00,29
1914,5569186750.00,EE,00
1915,5578947250.00,00,29
1916,5578973250.00,EE,00
1917,5588705250.00,00,29
1918,5588731250.00,EE,00
1919,5598546750.00,00,29
1920,5598572750.00,EE,00
1921,5608333250.00,00,29
1922,5608359250.00,EE,00
1923,5618091250.00,00,29
1924,5618117250.00,EE,00
1925,5627863000.00,00,29
1926,5627889000.00,EE,00
1927,5637621000.00,00,29
1928,5637647000.00,EE,00
1929,5647462500.00,00,29
1930,5647488500.00,EE,00
1931,5657234250.00,00,29
1932,5657260250.00,EE,00
1933,5666992250.00,00,29
1934,5667018250.00,EE,00
1935,5676764000.00,00,29
1936,5676790000.00,EE,00
1937,5686522000.00,00,29
1938,5686548000.00,EE,00
1939,5696363500.00,00,29
1940,5696389500.00,EE,00
1941,5706150000.00,00,29
1942,5706176000.00,EE,00
1943,5715908000.00,00,29
1944,5715934000.00,EE,00
1945,5725143250.00,00,0F
1946,5725169250.00,42,00
1947,5725217500.00,00,09
1948,5725243500.00,1B,00
1949,5725298750.00,00,05
1950,5725324750.00,48,00
1951,5725380000.00,00,09
1952,5725406000.00,0B,00
1953,5725458750.00,00,05
1954,5725484750.00,23,00
1955,5725540000.00,00,09
1956,5725566000.00,0B,00
1957,5725618750.00,00,05
1958,5725644750.00,23,00
1959,5725700000.00,00,09
1960,5725726000.00,0B,00
1961,5725778750.00,00,05
1962,5725804750.00,33,00
1963,5725860000.00,00,09
1964,5725886000.00,0B,00
1965,5725938750.00,00,05
1966,5725964750.00,30,00
1967,5726020000.00,00,09
1968,5726046000.00,0B,00
1969,5726098750.00,00,05
1970,5726124750.00,4C,00
1971,5726180000.00,00,09
1972,5726206000.00,09,00
1973,5726258750.00,00,05
1974,5726284750.00,30,00
1975,5726340000.00,00,09
1976,5726366000.00,09,00
1977,5726418750.00,00,05
1978,5726444750.00,30,00
1979,5726500000.00,00,09
1980,5726526000.00,09,00
1981,5726578750.00,00,05
1982,5726604750.00,31,00
1983,5726660000.00,00,09
1984,5726686000.00,29,00
1985,5726739000.00,00,05
1986,5726765000.00,30,00
1987,5726827750.00,00,09
1988,5726853750.00,28,00
1989,5726889750.00,00,06
1990,5726915000.00,00,60
1991,5727822000.00,00,09
1992,5727848000.00,68,00
1993,5728189750.00,00,04
1994,5728215000.00,00,51
1995,5728250250.00,00,04
1996,5728275500.00,00,33
1997,5728310750.00,00,04
1998,5728336000.00,00,30
1999,5728371250.00,00,04
2000,5728396500.00,00,23
2001,5728430500.00,00,06
2002,5728455750.00,00,50
2003,5728486500.00,00,04
2004,5728511750.00,00,23
2005,5728541000.00,00,06
2006,5728566250.00,00,60
2007,5729036000.00,00,29
2008,5729062000.00,EE,00
2009,5738794000.00,00,29
2010,5738820000.00,EE,00
2011,5748649250.00,00,29
2012,5748675250.00,EE,00
2013,5755149000.00,00,0F
2014,5755175000.00,42,00
2015,5755223250.00,00,09
2016,5755249250.00,1B,00
2017,5755304500.00,00,05
2018,5755330500.00,48,00
2019,5755388750.00,00,09
2020,5755414750.00,0B,00
2021,5755467500.00,00,05
2022,5755493500.00,23,00
2023,5755551750.00,00,09
2024,5755577750.00,0B,00
2025,5755630500.00,00,05
2026,5755656500.00,23,00
2027,5755714750.00,00,09
2028,5755740750.00,0B,00
2029,5755793500.00,00,05
2030,5755819500.00,33,00
2031,5755877750.00,00,09
2032,5755903750.00,0B,00
2033,5755956500.00,00,05
2034,5755982500.00,30,00
2035,5756040750.00,00,09
2036,5756066750.00,0B,00
2037,5756119500.00,00,05
2038,5756145500.00,4C,00
2039,5756203750.00,00,09
2040,5756229750.00,09,00
2041,5756282500.00,00,05
2042,5756308500.00,31,00
2043,5756366750.00,00,09
2044,5756392750.00,09,00
2045,5756445500.00,00,05
2046,5756471500.00,31,00
2047,5756529750.00,00,09
2048,5756555750.00,09,00
2049,5756608500.00,00,05
2050,5756634500.00,31,00
2051,5756692750.00,00,09
2052,5756718750.00,29,00
2053,5756771750.00,00,05
2054,5756797750.00,30,00
2055,5756863500.00,00,09
2056,5756889500.00,28,00
2057,5756925500.00,00,06
2058,5756950750.00,00,60
2059,5757391750.00,00,09
2060,5757417750.00,28,00
2061,5757775500.00,00,04
2062,5757800750.00,00,51
2063,5757836000.00,00,04
2064,5757861250.00,00,33
2065,5757896500.00,00,04
2066,5757921750.00,00,30
2067,5757957000.00,00,04
2068,5757982250.00,00,23
2069,5758016250.00,00,06
2070,5758041500.00,00,50
2071,5758072250.00,00,04
2072,5758097500.00,00,23
2073,5758126750.00,00,06
2074,5758152000.00,00,60
2075,5761147750.00,00,29
2076,5761173750.00,EE,00
2077,5770990250.00,00,29
2078,5771016250.00,EE,00
2079,5780829000.00,00,29
2080,5780855000.00,EE,00
2081,5786635500.00,00,0F
2082,5786661500.00,42,00
2083,5786709750.00,00,09
2084,5786735750.00,1B,00
2085,5786791000.00,00,05
2086,5786817000.00,48,00
2087,5786878000.00,00,09
2088,5786904000.00,0B,00
2089,5786956750.00,00,05
2090,5786982750.00,23,00
2091,5787043750.00,00,09
2092,5787069750.00,0B,00
2093,5787122500.00,00,05
2094,5787148500.00,23,00
2095,5787209500.00,00,09
2096,5787235500.00,0B,00
2097,5787288250.00,00,05
2098,5787314250.00,33,00
2099,5787375250.00,00,09
2100,5787401250.00,0B,00
2101,5787454000.00,00,05
2102,5787480000.00,30,00
2103,5787541000.00,00,09
2104,5787567000.00,0B,00
2105,5787619750.00,00,05
2106,5787645750.00,4C,00
2107,5787706750.00,00,09
2108,5787732750.00,09,00
2109,5787785500.00,00,05
2110,5787811500.00,31,00
2111,5787872500.00,00,09
2112,5787898500.00,09,00
2113,5787951250.00,00,05
2114,5787977250.00,31,00
2115,5788038250.00,00,09
2116,5788064250.00,09,00
2117,5788117000.00,00,05
2118,5788143000.00,32,00
2119,5788204000.00,00,09
2120,5788230000.00,29,00
2121,5788283000.00,00,05
2122,5788309000.00,30,00
2123,5788377500.00,00,09
2124,5788403500.00,28,00
2125,5788439500.00,00,06
2126,5788464750.00,00,60
2127,5789685250.00,00,09
2128,5789711250.00,68,00
2129,5790055250.00,00,04
2130,5790080500.00,00,51
2131,5790115750.00,00,04
2132,5790141000.00,00,33
2133,5790176250.00,00,04
2134,5790201500.00,00,30
2135,5790236750.00,00,04
2136,5790262000.00,00,23
2137,5790296000.00,00,06
2138,5790321250.00,00,50
2139,5790352000.00,00,04
2140,5790377250.00,00,23
2141,5790406500.00,00,06
2142,5790431750.00,00,60
2143,5792647750.00,00,29
2144,5792673750.00,EE,00
2145,5802557250.00,00,29
2146,5802583250.00,EE,00
2147,5812412500.00,00,29
2148,5812438500.00,EE,00
2149,5819135750.00,00,0F
2150,5819161750.00,42,00
2151,5819210000.00,00,09
2152,5819236000.00,1B,00
2153,5819291250.00,00,05
2154,5819317250.00,48,00
2155,5819378500.00,00,09
2156,5819404500.00,0B,00
2157,5819457250.00,00,05
2158,5819483250.00,23,00
2159,5819544500.00,00,09
2160,5819570500.00,0B,00
2161,5819623250.00,00,05
2162,5819649250.00,23,00
2163,5819710500.00,00,09
2164,5819736500.00,0B,00
2165,5819789250.00,00,05
2166,5819815250.00,33,00
2167,5819876500.00,00,09
2168,5819902500.00,0B,00
2169,5819955250.00,00,05
2170,5819981250.00,30,00
2171,5820042500.00,00,09
2172,5820068500.00,0B,00
2173,5820121250.00,00,05
2174,5820147250.00,54,00
2175,5820208500.00,00,09
2176,5820234500.00,09,00
2177,5820287250.00,00,05
2178,5820313250.00,30,00
2179,5820374500.00,00,09
2180,5820400500.00,09,00
2181,5820453250.00,00,05
2182,5820479250.00,2D,00
2183,5820540500.00,00,09
2184,5820566500.00,09,00
2185,5820619250.00,00,05
2186,5820645250.00,2D,00
2187,5820706500.00,00,09
2188,5820732500.00,29,00
2189,5820785500.00,00,05
2190,5820811500.00,31,00
2191,5820880250.00,00,09
2192,5820906250.00,28,00
2193,5820942250.00,00,06
2194,5820967500.00,00,60
2195,5822061500.00,00,09
2196,5822087500.00,68,00
2197,5822431500.00,00,04
2198,5822456750.00,00,51
2199,5822492000.00,00,04
2200,5822517250.00,00,33
2201,5822552500.00,00,04
2202,5822577750.00,00,30
2203,5822613000.00,00,04
2204,5822638250.00,00,23
2205,5822672250.00,00,06
2206,5822697500.00,00,50
2207,5822728250.00,00,04
2208,5822753500.00,00,23
2209,5822782750.00,00,06
2210,5822808000.00,00,60
2211,5823096000.00,00,3C
2212,5823121250.00,00,21
2213,5823203500.00,00,1D
2214,5823229500.00,CC,00
2215,5823261000.00,00,1C
2216,5823286250.00,00,CC
2217,5823337250.00,00,3A
2218,5823362500.00,00,34
2219,5825052750.00,00,29
2220,5825078750.00,EE,00
2221,5834866750.00,00,29
2222,5834892750.00,EE,00
2223,5845005000.00,00,29
2224,5845031000.00,EE,00
2225,5848607750.00,00,0F
2226,5848633750.00,42,00
2227,5848682000.00,00,09
2228,5848708000.00,1B,00
2229,5848763250.00,00,05
2230,5848789250.00,48,00
2231,5848853000.00,00,09
2232,5848879000.00,0B,00
2233,5848931750.00,00,05
2234,5848957750.00,23,00
2235,5849021500.00,00,09
2236,5849047500.00,0B,00
2237,5849100250.00,00,05
2238,5849126250.00,23,00
2239,5849190000.00,00,09
2240,5849216000.00,09,00
2241,5849268750.00,00,05
2242,5849294750.00,33,00
2243,5849358500.00,00,09
2244,5849384500.00,09,00
2245,5849437250.00,00,05
2246,5849463250.00,30,00
2247,5849527000.00,00,09
2248,5849553000.00,09,00
2249,5849605750.00,00,05
2250,5849631750.00,52,00
2251,5849695500.00,00,09
2252,5849721500.00,29,00
2253,5849774500.00,00,05
2254,5849800500.00,30,00
2255,5849872250.00,00,09
2256,5849898250.00,28,00
2257,5849934250.00,00,06
2258,5849959500.00,00,60
2259,5850895250.00,00,09
2260,5850921250.00,68,00
2261,5851265250.00,00,04
2262,5851290500.00,00,51
2263,5851325750.00,00,04
2264,5851351000.00,00,33
2265,5851386250.00,00,04
2266,5851411500.00,00,30
2267,5851446750.00,00,04
2268,5851472000.00,00,23
2269,5851506000.00,00,06
2270,5851531250.00,00,50
2271,5851562000.00,00,04
2272,5851587250.00,00,23
2273,5851616500.00,00,06
2274,5851641750.00,00,60
2275,5856753250.00,00,29
2276,5856779250.00,EE,00
2277,5866567250.00,00,29
2278,5866593250.00,EE,00
2279,5873614950.00,00,0F
2280,5873640950.00,40,00
2281,5873689200.00,00,09
2282,5873715200.00,1A,00
2283,5873770450.00,00,05
2284,5873796450.00,48,00
2285,5873851700.00,00,09
2286,5873877700.00,0A,00
2287,5873930450.00,00,05
2288,5873956450.00,22,00
2289,5874011700.00,00,09
2290,5874037700.00,0A,00
2291,5874090450.00,00,05
2292,5874116450.00,22,00
2293,5874171700.00,00,09
2294,5874197700.00,0A,00
2295,5874250450.00,00,05
2296,5874276450.00,32,00
2297,5874331700.00,00,09
2298,5874357700.00,08,00
2299,5874410450.00,00,05
2300,5874436450.00,30,00
2301,5874491700.00,00,09
2302,5874517700.00,08,00
2303,5874570450.00,00,05
2304,5874596450.00,72,00
2305,5874651700.00,00,09
2306,5874677700.00,08,00
2307,5874730450.00,00,05
2308,5874756450.00,32,00
2309,5874811700.00,00,09
2310,5874837700.00,28,00
2311,5874890700.00,00,05
2312,5874916700.00,30,00
2313,5874979450.00,00,09
2314,5875005450.00,28,00
2315,5875041450.00,00,06
2316,5875066700.00,00,60
2317,5875693700.00,00,09
2318,5875719700.00,28,00
2319,5876063700.00,00,04
2320,5876088950.00,00,51
2321,5876124200.00,00,04
2322,5876149450.00,00,33
2323,5876184700.00,00,04
2324,5876209950.00,00,30
2325,5876245200.00,00,04
2326,5876270450.00,00,23
2327,5876304450.00,00,06
2328,5876329700.00,00,50
2329,5876360450.00,00,04
2330,5876385700.00,00,23
2331,5876414950.00,00,06
2332,5876440200.00,00,60
2333,5878411450.00,00,29
2334,5878437450.00,EC,00
2335,5888197950.00,00,29
2336,5888223950.00,DC,00
2337,5898038950.00,00,29
2338,5898064950.00,DC,00
2339,5905617700.00,00,0F
2340,5905643700.00,84,00
2341,5905691950.00,00,09
2342,5905717950.00,36,00
2343,5905773200.00,00,05
2344,5905799200.00,90,00
2345,5905857450.00,00,09
2346,5905883450.00,16,00
2347,5905936200.00,00,05
2348,5905962200.00,46,00
2349,5906020450.00,00,09
2350,5906046450.00,16,00
2351,5906099200.00,00,05
2352,5906125200.00,46,00
2353,5906183450.00,00,09
2354,5906209450.00,16,00
2355,5906262200.00,00,05
2356,5906288200.00,66,00
2357,5906346450.00,00,09
2358,5906372450.00,12,00
2359,5906425200.00,00,05
2360,5906451200.00,60,00
2361,5906509450.00,00,09
2362,5906535450.00,12,00
2363,5906588200.00,00,05
2364,5906614200.00,E4,00
2365,5906672450.00,00,09
2366,5906698450.00,12,00
2367,5906751200.00,00,05
2368,5906777200.00,66,00
2369,5906835450.00,00,09
2370,5906861450.00,52,00
2371,5906914450.00,00,05
2372,5906940450.00,60,00
2373,5907006200.00,00,09
2374,5907032200.00,50,00
2375,5907068200.00,00,06
2376,5907093450.00,00,60
2377,5908043700.00,00,09
2378,5908069700.00,D0,00
2379,5908413450.00,00,04
2380,5908438700.00,00,51
2381,5908473950.00,00,04
2382,5908499200.00,00,33
2383,5908534450.00,00,04
2384,5908559700.00,00,30
2385,5908594950.00,00,04
2386,5908620200.00,00,23
2387,5908654200.00,00,06
2388,5908679450.00,00,50
2389,5908710200.00,00,04
2390,5908735450.00,00,23
2391,5908764700.00,00,06
2392,5908789950.00,00,60
2393,5909942950.00,00,29
2394,5909968950.00,DC,00
2395,5919700950.00,00,29
2396,5919726950.00,DC,00
2397,5929458950.00,00,29
2398,5929484950.00,DC,00
2399,5937616200.00,00,0F
2400,5937642200.00,84,00
2401,5937690450.00,00,09
2402,5937716450.00,36,00
2403,5937771700.00,00,05
2404,5937797700.00,90,00
2405,5937858700.00,00,09
2406,5937884700.00,16,00
2407,5937937450.00,00,05
2408,5937963450.00,46,00
2409,5938024450.00,00,09
2410,5938050450.00,16,00
2411,5938103200.00,00,05
2412,5938129200.00,46,00
2413,5938190200.00,00,09
2414,5938216200.00,16,00
2415,5938268950.00,00,05
2416,5938294950.00,66,00
2417,5938355950.00,00,09
2418,5938381950.00,12,00
2419,5938434700.00,00,05
2420,5938460700.00,60,00
2421,5938521700.00,00,09
2422,5938547700.00,12,00
2423,5938600450.00,00,05
2424,5938626450.00,E4,00
2425,5938687450.00,00,09
2426,5938713450.00,12,00
2427,5938766200.00,00,05
2428,5938792200.00,68,00
2429,5938853200.00,00,09
2430,5938879200.00,52,00
2431,5938932200.00,00,05
2432,5938958200.00,60,00
2433,5939026700.00,00,09
2434,5939052700.00,50,00
2435,5939088700.00,00,06
2436,5939113950.00,00,60
2437,5940324950.00,00,09
2438,5940350950.00,D0,00
2439,5940694450.00,00,04
2440,5940719700.00,00,51
2441,5940754950.00,00,04
2442,5940780200.00,00,33
2443,5940815450.00,00,04
2444,5940840700.00,00,30
2445,5940875950.00,00,04
2446,5940901200.00,00,23
2447,5940935200.00,00,06
2448,5940960450.00,00,50
2449,5940991200.00,00,04
2450,5941016450.00,00,23
2451,5941045700.00,00,06
2452,5941070950.00,00,60
2453,5941423450.00,00,29
2454,5941449450.00,DC,00
2455,5951278200.00,00,29
2456,5951304200.00,DC,00
2457,5961036200.00,00,29
2458,5961062200.00,DC,00
2459,5969116200.00,00,0F
2460,5969142200.00,84,00
2461,5969190450.00,00,09
2462,5969216450.00,36,00
2463,5969271700.00,00,05
2464,5969297700.00,90,00
2465,5969358950.00,00,09
2466,5969384950.00,16,00
2467,5969437700.00,00,05
2468,5969463700.00,46,00
2469,5969524950.00,00,09
2470,5969550950.00,16,00
2471,5969603700.00,00,05
2472,5969629700.00,46,00
2473,5969690950.00,00,09
2474,5969716950.00,16,00
2475,5969769700.00,00,05
2476,5969795700.00,66,00
2477,5969856950.00,00,09
2478,5969882950.00,12,00
2479,5969935700.00,00,05
2480,5969961700.00,60,00
2481,5970022950.00,00,09
2482,5970048950.00,12,00
2483,5970101700.00,00,05
2484,5970127700.00,E4,00
2485,5970188950.00,00,09
2486,5970214950.00,12,00
2487,5970267700.00,00,05
2488,5970293700.00,6A,00
2489,5970354950.00,00,09
2490,5970380950.00,52,00
2491,5970433950.00,00,05
2492,5970459950.00,60,00
2493,5970528700.00,00,09
2494,5970554700.00,50,00
2495,5970590700.00,00,06
2496,5970615950.00,00,60
2497,5971088950.00,00,09
2498,5971114950.00,50,00
2499,5971472700.00,00,04
2500,5971497950.00,00,51
2501,5971533200.00,00,04
2502,5971558450.00,00,33
2503,5971593700.00,00,04
2504,5971618950.00,00,30
2505,5971654200.00,00,04
2506,5971679450.00,00,23
2507,5971713450.00,00,06
2508,5971738700.00,00,50
2509,5971769450.00,00,04
2510,5971794700.00,00,23
2511,5971823950.00,00,06
2512,5971849200.00,00,60
2513,5973002200.00,00,29
2514,5973028200.00,DC,00
2515,5982760200.00,00,29
2516,5982786200.00,DC,00
2517,5992518200.00,00,29
2518,5992544200.00,DC,00
2519,5999676950.00,00,0F
2520,5999702950.00,80,00
2521,5999751200.00,00,09
2522,5999777200.00,33,00
2523,5999832450.00,00,05
2524,5999858450.00,D2,00
2525,5999922200.00,00,09
2526,5999948200.00,12,00
2527,6000000950.00,00,05
2528,6000026950.00,A4,00
2529,6000090700.00,00,09
2530,6000116700.00,52,00
2531,6000169700.00,00,05
2532,6000195700.00,63,00
2533,6000267450.00,00,09
2534,6000293450.00,50,00
2535,6000329450.00,00,06
2536,6000354700.00,00,60
2537,6001416200.00,00,09
2538,6001442200.00,D0,00
2539,6001784200.00,00,04
2540,6001809450.00,00,51
2541,6001844700.00,00,04
2542,6001869950.00,00,33
2543,6001905200.00,00,04
2544,6001930450.00,00,30
2545,6001965700.00,00,04
2546,6001990950.00,00,33
2547,6002024950.00,00,06
2548,6002050200.00,00,50
2549,6002080950.00,00,04
2550,6002106200.00,00,3F
2551,6002135450.00,00,06
2552,6002160700.00,00,60
2553,6003523700.00,00,29
2554,6003549700.00,DE,00
2555,6013281700.00,00,29
2556,6013307700.00,FE,00
2557,6023068200.00,00,29
2558,6023094200.00,FE,00
2559,6032826200.00,00,29
2560,6032852200.00,EE,00
2561,6042584200.00,00,29
2562,6042610200.00,EE,00
2563,6052438950.00,00,29
2564,6052464950.00,EE,00
2565,6062196950.00,00,29
2566,6062222950.00,EE,00
2567,6071983450.00,00,29
2568,6072009450.00,EE,00
2569,6081741450.00,00,29
2570,6081767450.00,EE,00
2571,6091499450.00,00,29
2572,6091525450.00,EE,00
2573,6101354700.00,00,29
2574,6101380700.00,EE,00
2575,6111112700.00,00,29
2576,6111138700.00,EE,00
2577,6120899200.00,00,29
2578,6120925200.00,EE,00
2579,6130657200.00,00,29
2580,6130683200.00,EE,00
2581,6140415200.00,00,29
2582,6140441200.00,EE,00
2583,6150270450.00,00,29
2584,6150296450.00,EE,00
2585,6160028450.00,00,29
2586,6160054450.00,EE,00
2587,6169814950.00,00,29
2588,6169840950.00,EE,00
2589,6179572950.00,00,29
2590,6179598950.00,EE,00
2591,6189330950.00,00,29
2592,6189356950.00,EE,00
2593,6199186200.00,00,29
2594,6199212200.00,EE,00
2595,6208944200.00,00,29
2596,6208970200.00,EE,00
2597,6218715950.00,00,29
2598,6218741950.00,EE,00
2599,6228473950.00,00,29
2600,6228499950.00,EE,00
2601,6238231950.00,00,29
2602,6238257950.00,EE,00
2603,6248087200.00,00,29
2604,6248113200.00,EE,00
2605,6257845200.00,00,29
2606,6257871200.00,EE,00
2607,6267616950.00,00,29
2608,6267642950.00,EE,00
2609,6277374950.00,00,29
2610,6277400950.00,EE,00
2611,6287132950.00,00,29
2612,6287158950.00,EE,00
2613,6296987700.00,00,29
2614,6297013700.00,EE,00
2615,6306745700.00,00,29
2616,6306771700.00,EE,00
2617,6316503700.00,00,29
2618,6316529700.00,EE,00
2619,6326290200.00,00,29
2620,6326316200.00,EE,00
2621,6336048200.00,00,29
2622,6336074200.00,EE,00
2623,6369618450.00,00,29
2624,6369644450.00,EE,00
2625,6396737450.00,00,29
2626,6396763450.00,EE,00
2627,6424114700.00,00,29
2628,6424140700.00,EE,00
2629,6451224700.00,00,29
2630,6451250700.00,EE,00
2631,6478618950.00,00,29
2632,6478644950.00,EE,00
2633,6505713700.00,00,29
2634,6505739700.00,EE,00
2635,6533099450.00,00,29
2636,6533125450.00,EE,00
2637,6560219150.00,00,29
2638,6560245150.00,EE,00
2639,6587620400.00,00,29
2640,6587646400.00,DC,00
2641,6614734150.00,00,29
2642,6614760150.00,DC,00
2643,6642107150.00,00,29
2644,6642133150.00,DC,00
2645,6669628650.00,00,29
2646,6669654650.00,DC,00
2647,6697098400.00,00,29
2648,6697124400.00,DC,00
2649,6724482150.00,00,29
2650,6724508150.00,FE,00
2651,6751571650.00,00,29
2652,6751597650.00,EE,00
2653,6778984400.00,00,29
2654,6779010400.00,EE,00
2655,6806472150.00,00,29
2656,6806498150.00,EE,00
2657,6833872400.00,00,29
2658,6833898400.00,EE,00
2659,6860968900.00,00,29
2660,6860994900.00,EE,00
2661,6889199900.00,00,29
2662,6889225900.00,EE,00
2663,6916730650.00,00,29
2664,6916756650.00,EE,00
2665,6944185900.00,00,29
2666,6944211900.00,EE,00
2667,6971570900.00,00,29
2668,6971596900.00,EE,00
2669,6999079400.00,00,29
2670,6999105400.00,EE,00
2671,7026395150.00,00,29
2672,7026421150.00,EE,00
2673,7053524400.00,00,29
2674,7053550400.00,EE,00
2675,7080525900.00,00,29
2676,7080551900.00,EE,00
2677,7107622150.00,00,29
2678,7107648150.00,EE,00
2679,7134996400.00,00,29
2680,7135022400.00,EE,00
2681,7162092900.00,00,29
2682,7162118900.00,EE,00
2683,7189079400.00,00,29
2684,7189105400.00,EE,00
2685,7216174400.00,00,29
2686,7216200400.00,EE,00
2687,7243699150.00,00,29
2688,7243725150.00,EE,00
2689,7271057400.00,00,29
2690,7271083400.00,EE,00
2691,7298141100.00,00,29
2692,7298167100.00,DC,00
2693,7325556850.00,00,29
2694,7325582850.00,DC,00
2695,7353089100.00,00,29
2696,7353115100.00,DC,00
2697,7380455350.00,00,29
2698,7380481350.00,DC,00
2699,7407988100.00,00,29
2700,7408014100.00,DC,00
2701,7435409600.00,00,29
2702,7435435600.00,FE,00
2703,7462891100.00,00,29
2704,7462917100.00,EE,00
2705,7490268100.00,00,29
2706,7490294100.00,EE,00
2707,7517363850.00,00,29
2708,7517389850.00,EE,00
2709,7544820850.00,00,29
2710,7544846850.00,EE,00
2711,7572218850.00,00,29
2712,7572244850.00,EE,00
2713,7599750600.00,00,29
2714,7599776600.00,EE,00
2715,7627133850.00,00,29
2716,7627159850.00,EE,00
2717,7654247850.00,00,29
2718,7654273850.00,EE,00
2719,7681628600.00,00,29
2720,7681654600.00,EE,00
2721,7709039100.00,00,29
2722,7709065100.00,EE,00
2723,7736056100.00,00,29
2724,7736082100.00,EE,00
2725,7763167350.00,00,29
2726,7763193350.00,EE,00
2727,7790573350.00,00,29
2728,7790599350.00,EE,00
2729,7817672100.00,00,29
2730,7817698100.00,EE,00
2731,7845125600.00,00,29
2732,7845151600.00,EE,00
2733,7873345850.00,00,29
2734,7873371850.00,EE,00
2735,7900440850.00,00,29
2736,7900466850.00,EE,00
2737,7927445350.00,00,29
2738,7927471350.00,EE,00
2739,7954969350.00,00,29
2740,7954995350.00,EE,00
2741,7982352600.00,00,29
2742,7982378600.00,EE,00
2743,8009448550.00,00,29
2744,8009474550.00,DC,00
2745,8036860800.00,00,29
2746,8036886800.00,DC,00
2747,8063960050.00,00,29
2748,8063986050.00,DC,00
2749,8091346800.00,00,29
2750,8091372800.00,DC,00
2751,8118462050.00,00,29
2752,8118488050.00,DC,00
2753,8145912550.00,00,29
2754,8145938550.00,FE,00
2755,8173287300.00,00,29
2756,8173313300.00,EE,00
2757,8200383550.00,00,29
2758,8200409550.00,EE,00
2759,8227785050.00,00,29
2760,8227811050.00,EE,00
2761,8255295300.00,00,29
2762,8255321300.00,EE,00
2763,8282729050.00,00,29
2764,8282755050.00,EE,00
2765,8309791300.00,00,29
2766,8309817300.00,EE,00
2767,8337226300.00,00,29
2768,8337252300.00,EE,00
2769,8364712300.00,00,29
2770,8364738300.00,EE,00
2771,8365665300.00,00,09
2772,8365691300.00,68,00
2773,8366035300.00,00,04
2774,8366060550.00,00,41
2775,8366095800.00,00,04
2776,8366121050.00,00,33
2777,8366156300.00,00,04
2778,8366181550.00,00,30
2779,8366216800.00,00,04
2780,8366242050.00,00,23
2781,8366277300.00,00,04
2782,8366302550.00,00,23
2783,8366336550.00,00,06
2784,8366361800.00,00,50
2785,8366392550.00,00,04
2786,8366417800.00,00,30
2787,8366447050.00,00,06
2788,8366472300.00,00,60
2789,8392851050.00,00,29
2790,8392877050.00,EE,00
2791,8420323550.00,00,29
2792,8420349550.00,EE,00
2793,8447435300.00,00,29
2794,8447461300.00,EE,00
2795,8474422800.00,00,29
2796,8474448800.00,EE,00
2797,8501506800.00,00,29
2798,8501532800.00,EE,00
2799,8528932550.00,00,29
2800,8528958550.00,EE,00
2801,8556032300.00,00,29
2802,8556058300.00,EE,00
2803,8583405300.00,00,29
2804,8583431300.00,EE,00
2805,8610525550.00,00,29
2806,8610551550.00,EE,00
2807,8637961800.00,00,29
2808,8637987800.00,EE,00
2809,8665440050.00,00,29
2810,8665466050.00,EE,00
2811,8692862250.00,00,29
2812,8692888250.00,DC,00
2813,8720352750.00,00,29
2814,8720378750.00,DC,00
2815,8747797000.00,00,29
2816,8747823000.00,DC,00
2817,8775230250.00,00,29
2818,8775256250.00,DC,00
2819,8802313000.00,00,29
2820,8802339000.00,DC,00
2821,8829708750.00,00,29
2822,8829734750.00,FE,00
2823,8857193750.00,00,29
2824,8857219750.00,EE,00
2825,8885428750.00,00,29
2826,8885454750.00,EE,00
2827,8912939250.00,00,29
2828,8912965250.00,EE,00
2829,8940371750.00,00,29
2830,8940397750.00,EE,00
2831,8967436750.00,00,29
2832,8967462750.00,EE,00
2833,8994908500.00,00,29
2834,8994934500.00,EE,00
2835,9022295750.00,00,29
2836,9022321750.00,EE,00
2837,9049803750.00,00,29
2838,9049829750.00,EE,00
2839,9077117250.00,00,29
2840,9077143250.00,EE,00
2841,9104249250.00,00,29
2842,9104275250.00,EE,00
2843,9131649500.00,00,29
2844,9131675500.00,EE,00
2845,9158746500.00,00,29
2846,9158772500.00,EE,00
2847,9186135750.00,00,29
2848,9186161750.00,EE,00
2849,9213249750.00,00,29
2850,9213275750.00,EE,00
2851,9240217500.00,00,29
2852,9240243500.00,EE,00
2853,9267330500.00,00,29
2854,9267356500.00,EE,00
2855,9294423750.00,00,29
2856,9294449750.00,EE,00
2857,9321781000.00,00,29
2858,9321807000.00,EE,00
2859,9348896250.00,00,29
2860,9348922250.00,EE,00
2861,9376265700.00,00,29
2862,9376291700.00,DC,00
2863,9403380950.00,00,29
2864,9403406950.00,DC,00
2865,9430771700.00,00,29
2866,9430797700.00,DC,00
2867,9457858950.00,00,29
2868,9457884950.00,DC,00
2869,9485299700.00,00,29
2870,9485325700.00,DE,00
2871,9512783950.00,00,29
2872,9512809950.00,EE,00
2873,9540158700.00,00,29
2874,9540184700.00,EE,00
2875,9567671200.00,00,29
2876,9567697200.00,EE,00
2877,9595145700.00,00,29
2878,9595171700.00,EE,00
2879,9622527700.00,00,29
2880,9622553700.00,EE,00
2881,9649640950.00,00,29
2882,9649666950.00,EE,00
2883,9677024700.00,00,29
2884,9677050700.00,EE,00
2885,9704537450.00,00,29
2886,9704563450.00,EE,00
2887,9731936450.00,00,29
2888,9731962450.00,EE,00
2889,9758930200.00,00,29
2890,9758956200.00,EE,00
2891,9785947200.00,00,29
2892,9785973200.00,EE,00
2893,9813060700.00,00,29
2894,9813086700.00,EE,00
2895,9840466700.00,00,29
2896,9840492700.00,EE,00
2897,9867570200.00,00,29
2898,9867596200.00,EE,00
2899,9895839450.00,00,29
2900,9895865450.00,EE,00
2901,9923235950.00,00,29
2902,9923261950.00,EE,00
2903,9950351200.00,00,29
2904,9950377200.00,EE,00
2905,9977760200.00,00,29
2906,9977786200.00,EE,00
