{
  "Реквизиты документа по ГОСТ 2.104": {
    "Наименование изделия": "Узел печатный R 6 DSX 04 M",
    "Наименование документа": "Схема электрическая принципиальная",
    "Обозначение и код документа": "ГРЛМ.468332.031ЭЗ",
    "Общее количество листов документа": 3,
    "Наименование или код организации": "ООО «Группа индустриальных технологий»",
    "Сведения о подписании документа": {
      "Разработал": "Соколов",
      "Дата": "2023-10-18",
      "Информационно-удостоверяющий лист": "ГРЛМ.468332.031ЭЗ-УЛ"
    },
    "Номер изменения": 0,
    "Номер извещения об изменении": "К.006-2023",
    "Дата извещения об изменении": "2023-11-02",
    "Инвентарный номер подлинника": "К-000081",
    "Дата приемки на хранение": "2023-11-07",
    "Литера": "",
    "Код документа в зависимости от характера использования": 2
  },
  "Сервисные данные": {
    "Версия формата реквизитной части": 1,
    "Алгоритм расчета контрольной суммы": "CRC-32",
    "Значение контрольной суммы подлинника": "93477E31",
    "Значение контрольной суммы содержательных частей": "295CAD44",
    "Программное обеспечение для редактирования исходных данных": "Altium Designer Version 19.0.15 (Build 446)",
    "Объем в листах А4": 6,
    "Документ действителен": true,
    "Теги": ""
  }
}