{
  "Реквизиты документа по ГОСТ 2.104": {
    "Наименование изделия": "Крышка",
    "Наименование документа": "Сборочный чертеж",
    "Обозначение и код документа": "ГРЛМ.735224.004СБ",
    "Общее количество листов документа": 7,
    "Наименование или код организации": "ООО «Группа индустриальных технологий»",
    "Сведения о подписании документа": {
    "Разработал": "Василенков С.А.",
    "Дата": "2023-08-10",
    "Информационно-удостоверяющий лист": "ГРЛМ.735224.004СБ-УЛ"
    },
    "Номер изменения": 0,
    "Номер извещения об изменении": "К.004-2023",
    "Дата извещения об изменении": "2023-08-31",
    "Инвентарный номер подлинника": "К-000063",
    "Дата приемки на хранение": "2023-08-31",
    "Литера": "",
    "Код документа в зависимости от характера использования": 2
  },
  "Сервисные данные": {
    "Версия формата реквизитной части": 1,
    "Алгоритм расчета контрольной суммы": "CRC-32",
    "Значение контрольной суммы подлинника": "E6EFF8C3",
    "Значение контрольной суммы содержательных частей": "FEB42C25",
    "Программное обеспечение для редактирования исходных данных": "Solidworks Professional 2018 x64 Edition SP3.0",
    "Объем в листах А4": 32,
    "Документ действителен": true,
    "Теги": ""
  }
}