{
  "Реквизиты документа по ГОСТ 2.104": {
    "Наименование изделия": "Узел печатный R 1 DXC 03 M",
    "Наименование документа": "Программа и методика испытаний",
    "Обозначение и код документа": "ГРЛМ.467414.007ПМ",
    "Общее количество листов документа": 37,
    "Наименование или код организации": "ООО «Группа индустриальных технологий»",
    "Сведения о подписании документа": {
      "Разработал": "Молчанов",
      "Дата": "2023-11-08",
      "Информационно-удостоверяющий лист": "ГРЛМ.467414.007ПМ-УЛ"
    },
    "Номер изменения": 0,
    "Номер извещения об изменении": "К.013-2023",
    "Дата извещения об изменении": "2023-11-17",
    "Инвентарный номер подлинника": "К-000209",
    "Дата приемки на хранение": "2023-11-21",
    "Литера": "",
    "Код документа в зависимости от характера использования": 2
  },
  "Сервисные данные": {
    "Версия формата реквизитной части": 1,
    "Алгоритм расчета контрольной суммы": "CRC-32",
    "Значение контрольной суммы подлинника": "9DD5ECA6",
    "Значение контрольной суммы содержательных частей": "F1477711",
    "Программное обеспечение для редактирования исходных данных": "Microsoft Word 2016 (16.0.5413.1000) MSO (16.0.5413.1000), 64-разрядная версия",
    "Объем в листах А4": 37,
    "Документ действителен": true,
    "Теги": "A2023Q4"
  }
}