{
  "Реквизиты документа по ГОСТ 2.104": {
    "Наименование изделия": "Модуль контроллера для R 6 DSX 04 M",
    "Наименование документа": "Перечень элементов",
    "Обозначение и код документа": "ГРЛМ.468332.036ПЭЗ",
    "Общее количество листов документа": 1,
    "Наименование или код организации": "ООО «Группа индустриальных технологий»",
    "Сведения о подписании документа": {
      "Разработал": "Потапов",
      "Дата": "2023-10-18",
      "Информационно-удостоверяющий лист": "ГРЛМ.468332.036ПЭЗ-УЛ"
    },
    "Номер изменения": 0,
    "Номер извещения об изменении": "К.006-2023",
    "Дата извещения об изменении": "2023-11-02",
    "Инвентарный номер подлинника": "К-000087",
    "Дата приемки на хранение": "2023-11-06",
    "Литера": "",
    "Код документа в зависимости от характера использования": 2
  },
  "Сервисные данные": {
    "Версия формата реквизитной части": 1,
    "Алгоритм расчета контрольной суммы": "CRC-32",
    "Значение контрольной суммы подлинника": "6C54C722",
    "Значение контрольной суммы содержательных частей": "53C93A6C",
    "Программное обеспечение для редактирования исходных данных": "LibreOffice Community 7.5.3.2 (X86_64)",
    "Объем в листах А4": 1,
    "Документ действителен": true,
    "Теги": ""
  }
}