{
  "Реквизиты документа по ГОСТ 2.104": {
    "Наименование изделия": "Жгут",
    "Наименование документа": "Сборочный чертеж",
    "Обозначение и код документа": "ГРЛМ.685621.016СБ",
    "Общее количество листов документа": 2,
    "Наименование или код организации": "ООО «Группа индустриальных технологий»",
    "Сведения о подписании документа": {
      "Разработал": "Василенков",
      "Дата": "2023-10-31",
      "Информационно-удостоверяющий лист": "ГРЛМ.685621.016СБ-УЛ"
    },
    "Номер изменения": 0,
    "Номер извещения об изменении": "К.008-2023",
    "Дата извещения об изменении": "2023-11-14",
    "Инвентарный номер подлинника": "К-000099",
    "Дата приемки на хранение": "2023-11-16",
    "Литера": "",
    "Код документа в зависимости от характера использования": 2
  },
  "Сервисные данные": {
    "Версия формата реквизитной части": 1,
    "Алгоритм расчета контрольной суммы": "CRC-32",
    "Значение контрольной суммы подлинника": "6F6373C1",
    "Значение контрольной суммы содержательных частей": "9CBDDF8A",
    "Программное обеспечение для редактирования исходных данных": "Solidworks Professional 2018 x64 Edition SP3.0",
    "Объем в листах А4": 2,
    "Документ действителен": true,
    "Теги": ""
  }
}