{
  "Реквизиты документа по ГОСТ 2.104": {
    "Наименование изделия": "Плата печатная для R 6 DSX 04 M",
    "Наименование документа": "Данные автоматизированного проектирования печатной платы",
    "Обозначение и код документа": "GRLM.687253.024Т5М",
    "Общее количество листов документа": 0,
    "Наименование или код организации": "ООО «Группа индустриальных технологий»",
    "Сведения о подписании документа": {
      "Разработал": "Соколов",
      "Дата": "2023-10-18",
      "Информационно-удостоверяющий лист": "GRLM.687253.024Т5М-УЛ"
    },
    "Номер изменения": 0,
    "Номер извещения об изменении": "К.007-2023",
    "Дата извещения об изменении": "2023-11-02",
    "Инвентарный номер подлинника": "К-000091",
    "Дата приемки на хранение": "2023-11-07",
    "Литера": "",
    "Код документа в зависимости от характера использования": 2
  },
  "Сервисные данные": {
    "Версия формата реквизитной части": 1,
    "Алгоритм расчета контрольной суммы": "CRC-32",
    "Значение контрольной суммы подлинника": "34A512D3",
    "Значение контрольной суммы содержательных частей": "CBF67141",
    "Программное обеспечение для редактирования исходных данных": "Altium Designer 20.0.12 (Build 288)",
    "Объем в листах А4": 0,
    "Документ действителен": true,
    "Теги": ""
  }
}