{
  "Реквизиты документа по ГОСТ 2.104": {
    "Наименование изделия": "Корпус полуфабрикат переговорного устройства серии R DA M",
    "Наименование документа": "Спецификация",
    "Обозначение и код документа": "ГРЛМ.301189.003",
    "Общее количество листов документа": 2,
    "Наименование или код организации": "ООО «Группа индустриальных технологий»",
    "Сведения о подписании документа": {
      "Разработал": "Василенков",
      "Дата": "2023-11-22",
      "Информационно-удостоверяющий лист": "ГРЛМ.301189.003УЛ"
    },
    "Номер изменения": 0,
    "Номер извещения об изменении": "К.020-2023",
    "Дата извещения об изменении": "2023-11-29",
    "Инвентарный номер подлинника": "К-000349",
    "Дата приемки на хранение": "2023-12-01",
    "Литера": "",
    "Код документа в зависимости от характера использования": 2
  },
  "Сервисные данные": {
    "Версия формата реквизитной части": 1,
    "Алгоритм расчета контрольной суммы": "CRC-32",
    "Значение контрольной суммы подлинника": "8589398D",
    "Значение контрольной суммы содержательных частей": "7F54BFB9",
    "Программное обеспечение для редактирования исходных данных": "Solidworks Professional 2018 x64 Edition SP3.0",
    "Объем в листах А4": 2,
    "Документ действителен": true,
    "Теги": ""
  }
}