{
  "Реквизиты документа по ГОСТ 2.104": {
    "Наименование изделия": "Рейка",
    "Наименование документа": "Чертёж детали",
    "Обозначение и код документа": "ГРЛМ.745423.001",
    "Общее количество листов документа": 1,
    "Наименование или код организации": "ООО «Группа индустриальных технологий»",
    "Сведения о подписании документа": {
      "Разработал": "Василенков",
      "Дата": "2023-08-07",
      "Информационно-удостоверяющий лист": "ГРЛМ.745423.001УЛ"
    },
    "Номер изменения": 0,
    "Номер извещения об изменении": "К.004-2023",
    "Дата извещения об изменении": "2023-08-31",
    "Инвентарный номер подлинника": "К-000059",
    "Дата приемки на хранение": "2023-08-31",
    "Литера": "",
    "Код документа в зависимости от характера использования": 2
  },
  "Сервисные данные": {
    "Версия формата реквизитной части": 1,
    "Алгоритм расчета контрольной суммы": "CRC-32",
    "Значение контрольной суммы подлинника": "16976FCC",
    "Значение контрольной суммы содержательных частей": "6E83630A",
    "Программное обеспечение для редактирования исходных данных": "Solidworks Professional 2018 x64 Edition SP3.0",
    "Объем в листах А4": 1,
    "Документ действителен": true,
    "Теги": ""
  }
}