{
  "Реквизиты документа по ГОСТ 2.104": {
    "Наименование изделия": "Корпус унифицированный для переговорных устройств серий R DA M и R DX M",
    "Наименование документа": "Сборочный чертеж",
    "Обозначение и код документа": "ГРЛМ.301189.002СБ",
    "Общее количество листов документа": 1,
    "Наименование или код организации": "ООО «Группа индустриальных технологий»",
    "Сведения о подписании документа": {
      "Разработал": "Василенков",
      "Дата": "2023-10-31",
      "Информационно-удостоверяющий лист": "ГРЛМ.301189.002СБ-УЛ"
    },
    "Номер изменения": 0,
    "Номер извещения об изменении": "К.008-2023",
    "Дата извещения об изменении": "2023-08-14",
    "Инвентарный номер подлинника": "К-000097",
    "Дата приемки на хранение": "2023-11-16",
    "Литера": "",
    "Код документа в зависимости от характера использования": 2
  },
  "Сервисные данные": {
    "Версия формата реквизитной части": 1,
    "Алгоритм расчета контрольной суммы": "CRC-32",
    "Значение контрольной суммы подлинника": "6896A5F9",
    "Значение контрольной суммы содержательных частей": "A3301F45",
    "Программное обеспечение для редактирования исходных данных": "Solidworks Professional 2018 x64 Edition SP3.0",
    "Объем в листах А4": 2,
    "Документ действителен": true,
    "Теги": ""
  }
}