{
  "Реквизиты документа по ГОСТ 2.104": {
    "Наименование изделия": "Блок взрывозащищенный",
    "Наименование документа": "Сборочный чертеж",
    "Обозначение и код документа": "ГРЛМ.468354.003СБ",
    "Общее количество листов документа": 3,
    "Наименование или код организации": "ООО «Группа индустриальных технологий»",
    "Сведения о подписании документа": {
      "Разработал": "Василенков",
      "Дата": "2023-11-01",
      "Информационно-удостоверяющий лист": "ГРЛМ.468354.003СБ-УЛ"
    },
    "Номер изменения": 0,
    "Номер извещения об изменении": "К.019-2023",
    "Дата извещения об изменении": "2023-11-21",
    "Инвентарный номер подлинника": "К-000309",
    "Дата приемки на хранение": "2023-11-23",
    "Литера": "",
    "Код документа в зависимости от характера использования": 2
  },
  "Сервисные данные": {
    "Версия формата реквизитной части": 1,
    "Алгоритм расчета контрольной суммы": "CRC-32",
    "Значение контрольной суммы подлинника": "E6583EC8",
    "Значение контрольной суммы содержательных частей": "0B7BA39A",
    "Программное обеспечение для редактирования исходных данных": "Solidworks Professional 2018 x64 Edition SP3.0",
    "Объем в листах А4": 12,
    "Документ действителен": true,
    "Теги": ""
  }
}