{
  "Реквизиты документа по ГОСТ 2.104": {
    "Наименование изделия": "Устройство переговорное взрывозащищенное цифровое серии R DX M",
    "Наименование документа": "Технические условия",
    "Обозначение и код документа": "ГРЛМ.465311.076ТУ",
    "Общее количество листов документа": 25,
    "Наименование или код организации": "ООО «Группа индустриальных технологий»",
    "Сведения о подписании документа": {
      "Разработал": "Молчанов",
      "Дата": "2023-12-25",
      "Информационно-удостоверяющий лист": "ГРЛМ.465311.076ТУ-УЛ"
    },
    "Номер изменения": 1,
    "Номер извещения об изменении": "К.005-2024",
    "Дата извещения об изменении": "2024-01-11",
    "Инвентарный номер подлинника": "К-000393",
    "Дата приемки на хранение": "2024-01-15",
    "Литера": "",
    "Код документа в зависимости от характера использования": 2
  },
  "Сервисные данные": {
    "Версия формата реквизитной части": 1,
    "Алгоритм расчета контрольной суммы": "CRC-32",
    "Значение контрольной суммы подлинника": "9B67DE48",
    "Значение контрольной суммы содержательных частей": "0A795767",
    "Программное обеспечение для редактирования исходных данных": "Microsoft Word 2016 (16.0.5413.1000) MSO (16.0.5413.1000), 64-разрядная версия",
    "Объем в листах А4": 25,
    "Документ действителен": true,
    "Теги": ""
  }
}