{
  "Реквизиты документа по ГОСТ 2.104": {
    "Наименование изделия": "Плата печатная И3",
    "Наименование документа": "Спецификация",
    "Обозначение и код документа": "ГРЛМ.758713.002",
    "Общее количество листов документа": 1,
    "Наименование или код организации": "ООО «Группа индустриальных технологий»",
    "Сведения о подписании документа": {
      "Разработал": "Потапов",
      "Дата": "2021-09-06",
      "Информационно-удостоверяющий лист": "ГРЛМ.758713.002УЛ"
    },
    "Номер изменения": 0,
    "Номер извещения об изменении": "К.012-2023",
    "Дата извещения об изменении": "2023-11-16",
    "Инвентарный номер подлинника": "К-000187",
    "Дата приемки на хранение": "2023-11-18",
    "Литера": "",
    "Код документа в зависимости от характера использования": 2
  },
  "Сервисные данные": {
    "Версия формата реквизитной части": 1,
    "Алгоритм расчета контрольной суммы": "CRC-32",
    "Значение контрольной суммы подлинника": "F802165F",
    "Значение контрольной суммы содержательных частей": "A713B72B",
    "Программное обеспечение для редактирования исходных данных": "Altium Designer Version 19.0.15 (BUILD 446)",
    "Объем в листах А4": 1,
    "Документ действителен": true,
    "Теги": "A2023Q4"
  }
}