{
  "Реквизиты документа по ГОСТ 2.104": {
    "Наименование изделия": "Узел печатный сигнализации",
    "Наименование документа": "Ведомость покупных изделий",
    "Обозначение и код документа": "ГРЛМ.468232.002ВП,
    "Общее количество листов документа": 3,
    "Наименование или код организации": "ООО «Группа индустриальных технологий»",
    "Сведения о подписании документа": {
      "Разработал": "Потапов",
      "Дата": "2021-09-13",
      "Информационно-удостоверяющий лист": "ГРЛМ.468232.002ВП-УЛ"
    },
    "Номер изменения": 0,
    "Номер извещения об изменении": "К.010-2023",
    "Дата извещения об изменении": "2023-11-15",
    "Инвентарный номер подлинника": "К-000135",
    "Дата приемки на хранение": "2023-11-17",
    "Литера": "",
    "Код документа в зависимости от характера использования": 2
  },
  "Сервисные данные": {
    "Версия формата реквизитной части": 1,
    "Алгоритм расчета контрольной суммы": "CRC-32",
    "Значение контрольной суммы подлинника": "488789A8",
    "Значение контрольной суммы содержательных частей": "997B1F36",
    "Программное обеспечение для редактирования исходных данных": "Altium Designer Version 19.0.15 (BUILD 446)",
    "Объем в листах А4": 6,
    "Документ действителен": true,
    "Теги": "A2023Q4"
  }
}