{
  "Реквизиты документа по ГОСТ 2.104": {
    "Наименование изделия": "Узел печатный И2",
    "Наименование документа": "Технические условия",
    "Обозначение и код документа": "ГРЛМ.469235.001ТУ",
    "Общее количество листов документа": 15,
    "Наименование или код организации": "ООО «Группа индустриальных технологий»",
    "Сведения о подписании документа": {
      "Разработал": "Молчанов",
      "Дата": "2024-10-10",
      "Информационно-удостоверяющий лист": "ГРЛМ.469235.001ТУ-УЛ"
    },
    "Номер изменения": 1,
    "Номер извещения об изменении": "К.002-2024",
    "Дата извещения об изменении": "2024-10-10",
    "Инвентарный номер подлинника": "К-000285",
    "Дата приемки на хранение": "2024-10-12",
    "Литера": "",
    "Код документа в зависимости от характера использования": 2
  },
  "Сервисные данные": {
    "Версия формата реквизитной части": 1,
    "Алгоритм расчета контрольной суммы": "CRC-32",
    "Значение контрольной суммы подлинника": "C46C7564",
    "Значение контрольной суммы содержательных частей": "E7921E3A",
    "Программное обеспечение для редактирования исходных данных": "Microsoft Word 2016 (16.0.5413.1000) MSO (16.0.5413.1000), 64-разрядная версия",
    "Объем в листах А4": 15,
    "Документ действителен": true,
    "Теги": "A2023Q4"
  }
}