{
  "Реквизиты документа по ГОСТ 2.104": {
    "Наименование изделия": "Световод",
    "Наименование документа": "Чертёж детали",
    "Обозначение и код документа": "ГРЛМ.755711.002",
    "Общее количество листов документа": 1,
    "Наименование или код организации": "ООО «Группа индустриальных технологий»",
    "Сведения о подписании документа": {
      "Разработал": "Василенков",
      "Дата": "2023-08-07",
      "Информационно-удостоверяющий лист": "ГРЛМ.755711.002УЛ"
    },
    "Номер изменения": 2,
    "Номер извещения об изменении": "К.002-2023",
    "Дата извещения об изменении": "2023-08-21",
    "Инвентарный номер подлинника": "К-000013",
    "Дата приемки на хранение": "2023-08-23",
    "Литера": "",
    "Код документа в зависимости от характера использования": 2
  },
  "Сервисные данные": {
    "Версия формата реквизитной части": 1,
    "Алгоритм расчета контрольной суммы": "CRC-32",
    "Значение контрольной суммы подлинника": "026601F9",
    "Значение контрольной суммы содержательных частей": "69300EA0",
    "Программное обеспечение для редактирования исходных данных": "Solidworks Professional 2018 x64 Edition SP3.0",
    "Объем в листах А4": 1,
    "Документ действителен": true,
    "Теги": ""
  }
}
