{
  "Реквизиты документа по ГОСТ 2.104": {
    "Наименование изделия": "Устройство переговорное взрывозащищенное цифровое серии R DX M",
    "Наименование документа": "Паспорт",
    "Обозначение и код документа": "ГРЛМ.465311.076ПС",
    "Общее количество листов документа": 20,
    "Наименование или код организации": "ООО «Группа индустриальных технологий»",
    "Сведения о подписании документа": {
      "Разработал": "Молчанов",
      "Дата": "2023-12-06",
      "Информационно-удостоверяющий лист": "ГРЛМ.465311.076ПС-УЛ"
    },
    "Номер изменения": 0,
    "Номер извещения об изменении": "К.022-2023",
    "Дата извещения об изменении": "2023-12-18",
    "Инвентарный номер подлинника": "К-000387",
    "Дата приемки на хранение": "2023-12-20",
    "Литера": "",
    "Код документа в зависимости от характера использования": 2
  },
  "Сервисные данные": {
    "Версия формата реквизитной части": 1,
    "Алгоритм расчета контрольной суммы": "CRC-32",
    "Значение контрольной суммы подлинника": "24AAF7F6",
    "Значение контрольной суммы содержательных частей": "4E6E8108",
    "Программное обеспечение для редактирования исходных данных": "Microsoft Word 2016 (16.0.5413.1000) MSO (16.0.5413.1000), 64-разрядная версия",
    "Объем в листах А4": 20,
    "Документ действителен": false,
    "Теги": ""
  }
}