{
  "Реквизиты документа по ГОСТ 2.104": {
    "Наименование изделия": "Узел печатный R 6 LME 02 M",
    "Наименование документа": "Ведомость документов на носителях данных",
    "Обозначение и код документа": "ГРЛМ.468223.002Т5М ВН",
    "Общее количество листов документа": 1,
    "Наименование или код организации": "ООО «Группа индустриальных технологий»",
    "Сведения о подписании документа": {
      "Разработал": "Потапов",
      "Дата": "2023-08-10",
      "Информационно-удостоверяющий лист": "ГРЛМ.468223.002Т5М ВН-УЛ"
    },
    "Номер изменения": 0,
    "Номер извещения об изменении": "К.021-2023",
    "Дата извещения об изменении": "2023-11-14",
    "Инвентарный номер подлинника": "К-000377",
    "Дата приемки на хранение": "2023-11-17",
    "Литера": "",
    "Код документа в зависимости от характера использования": 2
  },
  "Сервисные данные": {
    "Версия формата реквизитной части": 1,
    "Алгоритм расчета контрольной суммы": "CRC-32",
    "Значение контрольной суммы подлинника": "90B3A56D",
    "Значение контрольной суммы содержательных частей": "995F1ED5",
    "Программное обеспечение для редактирования исходных данных": "КОМПАС-3D 21.0.0.1158 (64-разрядная версия)",
    "Объем в листах А4": 1,
    "Документ действителен": true,
    "Теги": "A2023Q4"
  }
}