{
  "Реквизиты документа по ГОСТ 2.104": {
    "Наименование изделия": "Узел печатный сигнализации",
    "Наименование документа": "Руководство по компиляции и сборке",
    "Обозначение и код документа": "ГРЛМ.468232.002И2",
    "Общее количество листов документа": 5,
    "Наименование или код организации": "ООО «Группа индустриальных технологий»",
    "Сведения о подписании документа": {
      "Разработал": "Молчанов",
      "Дата": "2023-11-08",
      "Информационно-удостоверяющий лист": "ГРЛМ.468232.002И2-УЛ"
    },
    "Номер изменения": 0,
    "Номер извещения об изменении": "К.015-2023",
    "Дата извещения об изменении": "2023-11-17",
    "Инвентарный номер подлинника": "К-000247",
    "Дата приемки на хранение": "2023-11-21",
    "Литера": "",
    "Код документа в зависимости от характера использования": 2
  },
  "Сервисные данные": {
    "Версия формата реквизитной части": 1,
    "Алгоритм расчета контрольной суммы": "CRC-32",
    "Значение контрольной суммы подлинника": "8193E2A9",
    "Значение контрольной суммы содержательных частей": "0704845D",
    "Программное обеспечение для редактирования исходных данных": "Microsoft Word 2016 (16.0.5413.1000) MSO (16.0.5413.1000), 64-разрядная версия",
    "Объем в листах А4": 5,
    "Документ действителен": true,
    "Теги": "A2023Q4"
  }
}