{
"Реквизиты документа по ГОСТ 2.104": {
"Наименование изделия": "Основание",
"Наименование документа": "Сборочный чертеж",
"Обозначение и код документа": "ГРЛМ.735224.005СБ",
"Общее количество листов документа": 1,
"Наименование или код организации": "ООО «Группа индустриальных технологий»",
"Сведения о подписании документа": {
"Разработал": "Василенков С.А.",
"Дата": "2023-08-10",
"Информационно-удостоверяющий лист": "ГРЛМ.735224.005СБ-УЛ"
},
"Номер изменения": 0,
"Номер извещения об изменении": "К.003-2023",
"Дата извещения об изменении": "2023-08-21",
"Инвентарный номер подлинника": "К-000055",
"Дата приемки на хранение": "2023-08-23",
"Литера": "",
"Код документа в зависимости от характера использования": 2
},
"Сервисные данные": {
"Версия формата реквизитной части": 1,
"Алгоритм расчета контрольной суммы": "CRC-32",
"Значение контрольной суммы подлинника": "AB1301FD",
"Значение контрольной суммы содержательных частей": "8460D1DC",
"Программное обеспечение для редактирования исходных данных": "Solidworks Professional 2018 x64 Edition SP3.0",
"Объем в листах А4": 4,
"Документ действителен": true,
"Теги": ""
}
}