{
  "Реквизиты документа по ГОСТ 2.104": {
    "Наименование изделия": "Узел печатный сигнализации",
    "Наименование документа": "Технические условия",
    "Обозначение и код документа": "ГРЛМ.468232.002ТУ",
    "Общее количество листов документа": 16,
    "Наименование или код организации": "ООО «Группа индустриальных технологий»",
    "Сведения о подписании документа": {
      "Разработал": "Молчанов",
      "Дата": "2024-01-10",
      "Информационно-удостоверяющий лист": "ГРЛМ.468232.002ТУ-УЛ"
    },
    "Номер изменения": 1,
    "Номер извещения об изменении": "К.001-2024",
    "Дата извещения об изменении": "2024-01-10",
    "Инвентарный номер подлинника": "К-000231",
    "Дата приемки на хранение": "2024-01-12",
    "Литера": "",
    "Код документа в зависимости от характера использования": 2
  },
  "Сервисные данные": {
    "Версия формата реквизитной части": 1,
    "Алгоритм расчета контрольной суммы": "CRC-32",
    "Значение контрольной суммы подлинника": "89C889D0",
    "Значение контрольной суммы содержательных частей": "57D26C43",
    "Программное обеспечение для редактирования исходных данных": "Microsoft Word 2016 (16.0.5413.1000) MSO (16.0.5413.1000), 64-разрядная версия",
    "Объем в листах А4": 16,
    "Документ действителен": false,
    "Теги": "A2023Q4"
  }
}