{
  "Реквизиты документа по ГОСТ 2.104": {
    "Наименование изделия": "Эксцентрик",
    "Наименование документа": "Чертеж детали",
    "Обозначение и код документа": "ГРЛМ.715312.001",
    "Общее количество листов документа": 1,
    "Наименование или код организации": "ООО «Группа индустриальных технологий»",
    "Сведения о подписании документа": {
      "Разработал": "Василенков",
      "Дата": "2023-11-22",
      "Информационно-удостоверяющий лист": "ГРЛМ.715312.001УЛ"
    },
    "Номер изменения": 0,
    "Номер извещения об изменении": "К.020-2023",
    "Дата извещения об изменении": "2023-11-29",
    "Инвентарный номер подлинника": "К-000363",
    "Дата приемки на хранение": "2023-12-01",
    "Литера": "",
    "Код документа в зависимости от характера использования": 2
  },
  "Сервисные данные": {
    "Версия формата реквизитной части": 1,
    "Алгоритм расчета контрольной суммы": "CRC-32",
    "Значение контрольной суммы подлинника": "0E365482",
    "Значение контрольной суммы содержательных частей": "52BFD0EB",
    "Программное обеспечение для редактирования исходных данных": "Solidworks Professional 2018 x64 Edition SP3.0",
    "Объем в листах А4": 1,
    "Документ действителен": true,
    "Теги": ""
  }
}